,,,,Overall,,,,,,,PP,,SH,,Defense,
Player Name,Team,Pos,Games,G,A,Pts,+/-,PIM,SOG,GWG,G,A,G,A,Hits,BS
Auston Matthews,TOR,C,64,54,38,92,14,14,294,8,14,11,0,0,56,51
Leon Draisaitl,EDM,C,70,50,51,101,21,40,246,10,20,16,1,0,43,23
Chris Kreider,NYR,LW,70,46,19,65,16,22,221,9,24,6,3,0,129,36
Alex Ovechkin,WAS,LW,67,42,37,79,2,18,297,5,14,12,1,0,123,20
Kyle Connor,WPG,LW,67,41,41,82,3,4,283,7,7,17,3,0,30,17
Connor McDavid,EDM,C,69,40,65,105,21,41,278,8,9,30,0,1,63,23
Kirill Kaprizov,MIN,LW,67,39,46,85,21,26,240,4,10,13,0,0,69,25
Alex DeBrincat,CHI,RW,70,39,28,67,-15,17,227,5,14,13,0,0,88,31
David Pastrnak,BOS,RW,69,38,33,71,10,20,304,9,14,10,0,0,63,12
Filip Forsberg,NSH,RW,55,38,29,67,12,18,167,8,7,12,0,0,85,38
Matt Duchene,NSH,C,64,35,35,70,10,22,179,6,14,8,0,0,21,24
Mikko Rantanen,COL,RW,66,35,47,82,32,54,233,2,16,16,0,0,50,38
Elias Lindholm,CGY,RW,69,35,35,70,47,16,192,7,9,9,1,1,50,43
Johnny Gaudreau,CGY,LW,69,34,61,95,50,24,226,9,6,15,0,0,10,6
Aleksander Barkov,FLA,C,56,33,39,72,31,12,183,4,10,10,4,0,45,37
Jake Guentzel,PIT,LW,64,32,36,68,9,40,221,6,7,13,0,0,60,35
Brock Nelson,NYI,C,59,32,17,49,1,33,140,5,9,3,0,0,29,39
Steven Stamkos,TB,C,68,32,46,78,12,26,198,8,12,14,0,0,78,25
Matthew Tkachuk,CGY,LW,69,32,53,85,42,60,224,6,10,16,0,0,76,14
Jason Robertson,DAL,LW,60,32,31,63,16,20,172,9,10,7,0,0,41,20
Tage Thompson,BUF,RW,66,31,23,54,-16,31,222,2,8,6,2,0,52,23
Brad Marchand,BOS,LW,58,31,40,71,13,85,198,6,7,19,2,0,65,18
Timo Meier,SJ,LW,63,31,36,67,3,34,262,8,12,4,0,0,125,41
Sebastian Aho,CAR,LW,66,31,38,69,16,36,189,7,13,13,1,2,68,20
Troy Terry,ANH,C,64,31,26,57,-5,24,149,7,8,6,0,0,4,19
Adrian Kempe,LA,C,69,31,16,47,-4,40,208,7,5,8,3,0,93,23
Roope Hintz,DAL,LW,66,30,28,58,18,20,178,6,7,13,2,1,66,40
Gabriel Landeskog,COL,LW,51,30,29,59,27,78,150,5,7,8,0,0,94,34
Andrew Mangiapane,CGY,LW,69,30,15,45,17,30,158,7,7,2,2,1,59,30
Josh Norris,OTT,C,52,30,13,43,-9,12,134,8,15,3,0,0,64,39
J.T. Miller,VAN,C,68,29,53,82,5,39,181,6,7,26,0,2,152,46
Mitch Marner,TOR,C,60,29,55,84,21,14,181,5,5,17,2,1,52,28
Dylan Larkin,DET,C,64,29,35,64,-9,43,190,4,6,7,0,0,62,22
Anthony Duclair,FLA,LW,61,28,24,52,22,26,130,5,8,10,0,0,30,14
Jeff Skinner,BUF,LW,68,28,22,50,-12,22,221,3,5,5,0,0,22,17
Jonathan Marchessault,VGK,LW,65,28,30,58,2,34,226,3,5,14,0,0,50,12
Clayton Keller,ARI,C,67,28,35,63,3,28,177,2,5,6,1,1,17,31
Andrei Svechnikov,CAR,RW,66,27,33,60,16,69,221,5,8,12,0,0,160,13
Mika Zibanejad,NYR,C,70,27,44,71,26,12,192,2,13,11,1,4,55,41
Bo Horvat,VAN,C,65,27,18,45,1,38,177,3,11,5,1,0,87,43
Ryan Hartman,MIN,RW,68,27,26,53,27,69,202,6,1,5,0,0,62,36
Brayden Point,TB,C,55,27,27,54,-6,27,154,4,9,10,0,0,64,16
Sam Bennett,FLA,LW,59,26,17,43,23,55,196,6,5,3,0,1,100,22
William Nylander,TOR,C,68,26,38,64,-15,12,217,5,10,16,0,0,16,24
Tyler Bertuzzi,DET,LW,57,26,28,54,-1,41,151,5,5,7,1,1,53,35
Mark Scheifele,WPG,C,64,26,39,65,-19,23,151,3,7,12,0,0,35,47
Tomas Hertl,SJ,LW,68,26,31,57,-2,26,181,5,4,10,0,0,90,46
Nazem Kadri,COL,C,65,26,57,83,18,71,228,6,8,20,0,0,51,16
Sidney Crosby,PIT,C,58,26,46,72,14,24,173,7,8,20,0,0,45,29
Jack Hughes,NJ,C,49,26,30,56,-16,0,165,2,6,8,0,0,6,15
Patrik Laine,CLS,RW,51,25,27,52,-7,20,147,7,4,9,0,0,32,13
Pierre-Luc Dubois,WPG,C,69,25,26,51,1,98,203,5,13,2,0,0,97,35
Joe Pavelski,DAL,RW,68,25,43,68,11,14,188,2,11,9,0,0,87,57
Vladimir Tarasenko,STL,RW,62,25,36,61,-1,26,194,6,5,13,0,1,71,41
Anders Lee,NYI,C,62,25,16,41,-5,28,129,2,8,4,0,0,74,21
Jared McCann,SEA,C,61,25,15,40,-24,17,162,1,8,5,1,0,58,22
Pavel Buchnevich,STL,LW,60,24,33,57,17,34,176,3,6,9,2,2,42,10
Oliver Bjorkstrand,CLS,RW,68,24,26,50,-31,14,189,1,7,9,0,0,75,25
Sam Reinhart,FLA,RW,66,24,41,65,24,13,163,4,10,12,0,2,44,27
Zach Hyman,EDM,RW,64,24,23,47,-7,32,179,2,4,4,1,2,65,21
Jonathan Huberdeau,FLA,LW,69,24,73,97,27,42,188,4,4,26,3,2,87,25
John Tavares,TOR,C,68,24,41,65,-4,28,207,2,9,12,0,0,72,36
Cale Makar,COL,D,65,24,51,75,39,20,199,5,6,23,0,0,78,90
Brady Tkachuk,OTT,LW,65,23,26,49,-8,106,234,2,6,3,0,0,232,24
Brandon Hagel,TB,LW,64,23,16,39,-16,25,104,3,4,2,1,1,47,25
Tanner Jeannot,NSH,LW,67,23,17,40,8,110,111,5,2,1,1,0,240,53
David Perron,STL,RW,55,23,26,49,11,42,145,2,9,12,0,0,70,10
Cam Atkinson,PHI,RW,69,23,27,50,2,10,206,6,2,3,3,0,18,44
Boone Jenner,CLS,LW,59,23,21,44,-11,22,160,3,8,2,0,0,80,56
Kevin Fiala,MIN,LW,68,23,38,61,14,32,213,4,4,7,0,0,43,18
Nikolaj Ehlers,WPG,LW,50,22,19,41,10,16,197,2,2,4,0,0,30,20
Ivan Barbashev,STL,LW,68,22,27,49,5,32,96,2,4,4,1,1,132,25
Nathan MacKinnon,COL,C,53,22,50,72,15,34,247,5,6,18,0,0,48,35
Bryan Rust,PIT,RW,48,22,34,56,13,12,156,1,9,12,0,0,31,19
Evgeny Kuznetsov,WAS,C,66,22,44,66,6,30,174,4,8,15,2,2,32,22
Patrick Kane,CHI,RW,66,22,58,80,-16,16,246,2,8,20,0,0,11,21
Logan Couture,SJ,C,63,22,26,48,-8,18,166,3,5,8,2,1,81,46
Jesper Bratt,NJ,LW,64,22,43,65,1,16,178,6,3,15,0,0,22,24
Jordan Kyrou,STL,RW,62,22,40,62,8,18,152,3,4,11,0,1,4,20
Elias Pettersson,VAN,C,68,22,27,49,-2,12,146,3,8,12,2,0,40,38
Lucas Raymond,DET,RW,69,22,30,52,-19,16,159,2,5,12,0,0,53,21
Nino Niederreiter,CAR,RW,62,21,14,35,18,20,120,4,4,1,0,0,96,14
Phillip Danault,LA,C,70,21,21,42,15,34,175,3,1,1,0,2,66,46
Alex Killorn,TB,C,69,21,31,52,1,56,129,2,4,7,0,0,76,21
Carter Verhaeghe,FLA,C,68,21,30,51,25,44,141,4,0,3,0,0,40,14
Tom Wilson,WAS,RW,65,21,26,47,9,85,125,4,4,6,2,1,195,41
Nick Schmaltz,ARI,RW,51,21,28,49,5,8,97,4,3,4,0,0,12,23
Joel Eriksson Ek,MIN,C,63,21,19,40,16,24,183,3,10,4,0,0,118,37
Jake DeBrusk,BOS,LW,64,21,13,34,6,8,148,7,2,1,0,0,42,25
Dylan Strome,CHI,C,57,20,23,43,-5,28,112,2,5,10,0,0,9,26
Lawson Crouse,ARI,LW,65,20,14,34,-9,52,131,4,3,4,1,0,181,36
Michael Bunting,TOR,LW,69,20,35,55,24,60,149,2,2,2,0,0,72,16
Brandon Saad,STL,LW,65,20,21,41,12,8,129,1,5,4,1,2,19,15
Brayden Schenn,STL,C,53,20,28,48,16,31,96,2,6,8,0,0,104,14
Marcus Foligno,MIN,LW,64,20,16,36,22,105,85,3,4,2,0,0,207,38
Mats Zuccarello,MIN,RW,60,20,49,69,20,20,131,1,6,19,0,0,30,31
Tyler Seguin,DAL,C,67,19,22,41,-15,28,173,2,3,9,0,0,85,23
Victor Hedman,TB,D,69,19,47,66,16,30,182,6,5,22,0,0,82,104
Rickard Rakell,PIT,C,58,19,14,33,-8,8,152,1,5,5,0,0,73,40
Artemi Panarin,NYR,LW,65,19,63,82,12,18,157,5,5,28,0,0,20,13
Viktor Arvidsson,LA,LW,57,19,22,41,1,22,204,3,4,4,0,0,19,41
Brock Boeser,VAN,RW,64,19,19,38,-7,18,177,4,10,6,0,1,30,21
Andre Burakovsky,COL,LW,67,19,30,49,13,16,120,4,4,5,0,0,40,28
Valeri Nichushkin,COL,LW,51,19,21,40,19,12,141,5,5,4,2,0,75,24
Yegor Sharangovich,NJ,LW,63,19,20,39,-11,6,137,3,1,1,2,0,29,24
Nico Hischier,NJ,C,60,19,31,50,-6,17,129,1,4,8,0,2,44,44
Nick Suzuki,MON,C,69,18,33,51,-22,24,165,4,8,11,1,2,84,52
Kailer Yamamoto,EDM,LW,69,18,17,35,-4,36,98,4,3,2,1,1,89,30
Vincent Trocheck,CAR,C,69,18,28,46,17,72,136,3,6,6,0,0,156,40
Teuvo Teravainen,CAR,C,64,18,39,57,20,20,175,1,8,21,2,1,15,26
Tyler Toffoli,CGY,RW,61,18,26,44,-7,10,167,1,8,7,1,1,71,21
Roman Josi,NSH,D,66,18,63,81,22,40,233,2,8,23,0,0,48,109
Kyle Okposo,BUF,RW,64,18,23,41,-12,39,157,1,6,6,1,0,51,15
Paul Stastny,WPG,C,59,18,17,35,7,12,107,2,4,3,0,0,23,25
Claude Giroux,FLA,C,64,18,31,49,-7,24,172,0,3,12,0,0,58,15
Anze Kopitar,LA,C,72,18,43,61,-7,14,191,3,6,15,0,1,61,64
Patrice Bergeron,BOS,C,61,18,34,52,20,30,243,3,8,14,0,2,68,39
Evgeni Malkin,PIT,C,33,17,18,35,-5,18,103,5,8,11,0,0,15,12
James van Riemsdyk,PHI,LW,69,17,13,30,-32,23,149,4,7,0,0,0,27,21
Evgenii Dadonov,VGK,RW,67,17,17,34,1,14,165,3,5,3,0,0,57,23
Jamie Benn,DAL,C,68,17,23,40,-4,74,159,2,2,7,1,0,128,49
Ryan Johansen,NSH,C,65,17,34,51,4,51,92,3,7,12,0,0,56,33
Gustav Nyquist,CLS,RW,70,17,24,41,-13,20,99,0,3,3,4,0,35,44
Yanni Gourde,SEA,LW,61,17,23,40,-11,41,106,1,3,4,1,3,67,25
Chandler Stephenson,VGK,C,68,17,37,54,2,26,102,3,3,8,1,1,59,40
Josh Anderson,MON,RW,56,17,10,27,-22,55,122,1,1,1,0,0,121,28
Yakov Trenin,NSH,C,66,17,7,24,12,44,118,2,0,0,0,0,153,28
Robby Fabbri,DET,LW,56,17,13,30,-23,35,123,1,6,2,0,0,86,19
Evan Rodrigues,PIT,C,70,17,23,40,3,10,204,2,7,1,0,0,75,28
Trevor Zegras,ANH,C,64,17,33,50,-21,46,157,4,6,8,0,0,43,20
Dawson Mercer,NJ,C,69,16,24,40,-8,24,130,2,2,3,1,1,21,30
Joel Farabee,PHI,LW,51,16,17,33,2,32,93,1,1,2,1,0,65,35
Isac Lundestrom,ANH,LW,69,16,13,29,0,8,75,3,0,0,4,0,31,50
Andrew Copp,NYR,C,63,16,27,43,6,14,170,4,3,7,1,1,42,38
Conor Sheary,WAS,LW,59,16,18,34,-6,14,111,4,2,4,0,0,39,37
Reilly Smith,VGK,RW,56,16,22,38,4,8,150,3,3,4,2,2,55,23
Craig Smith,BOS,RW,61,16,16,32,5,28,159,1,0,3,0,0,80,23
Evander Kane,EDM,LW,31,16,12,28,16,36,101,1,3,1,2,0,107,8
Jordan Eberle,SEA,RW,67,16,21,37,-28,10,137,2,3,5,0,0,43,34
Ryan O'Reilly,STL,C,65,16,30,46,13,8,143,0,8,4,0,1,18,33
Taylor Hall,BOS,LW,69,16,36,52,6,34,178,2,6,7,0,0,45,33
Corey Perry,TB,RW,69,16,17,33,6,57,128,3,4,1,0,0,64,24
Jeff Carter,PIT,C,64,16,21,37,-1,32,173,2,2,3,1,0,88,37
Max Pacioretty,VGK,LW,29,15,14,29,6,27,106,3,4,5,0,0,23,15
Ondrej Palat,TB,LW,64,15,22,37,4,18,119,5,1,5,0,1,103,35
Ryan Strome,NYR,C,62,15,30,45,5,63,137,4,3,9,0,0,38,16
Charlie Coyle,BOS,C,69,15,25,40,-3,32,103,4,3,6,0,1,78,37
Aaron Ekblad,FLA,D,61,15,42,57,38,26,180,2,3,17,0,3,62,69
Frank Vatrano,NYR,LW,59,15,11,26,3,16,130,2,1,1,0,0,56,23
Victor Olofsson,BUF,LW,60,15,20,35,-20,6,137,5,4,3,0,0,7,15
Anthony Cirelli,TB,C,64,15,23,38,17,64,126,3,3,5,1,0,67,59
Robert Thomas,STL,C,59,15,44,59,9,14,89,4,1,9,2,1,13,18
Alex Formenton,OTT,LW,65,15,13,28,-10,42,131,1,0,0,4,1,85,21
Alex Iafallo,LA,C,70,15,19,34,4,6,191,2,2,3,1,1,45,51
Mason Marchment,FLA,LW,44,15,25,40,26,37,104,1,1,1,0,0,92,7
Ilya Mikheyev,TOR,RW,40,15,7,22,13,18,115,4,2,1,4,0,31,13
Alexis Lafreniere,NYR,LW,68,15,10,25,-2,37,89,4,0,1,0,0,98,24
Cole Caufield,MON,RW,54,15,19,34,-18,8,146,2,4,8,0,0,17,6
Anton Lundell,FLA,C,54,15,24,39,31,16,100,3,1,3,0,2,26,47
Tim Stutzle,OTT,LW,67,14,28,42,-27,35,140,3,4,15,0,0,107,42
Conor Garland,VAN,RW,65,14,22,36,10,34,173,3,1,1,0,0,47,16
Ross Colton,TB,LW,66,14,16,30,2,18,125,3,0,4,0,0,123,29
Mathew Barzal,NYI,C,59,14,34,48,-2,14,135,1,1,13,0,0,30,13
Danton Heinen,PIT,C,64,14,13,27,5,14,111,1,3,1,0,0,61,28
Ondrej Kase,TOR,RW,50,14,13,27,4,14,119,2,4,4,1,0,29,32
Ryan Donato,SEA,C,61,14,11,25,-10,36,137,2,1,0,0,0,56,14
Adam Henrique,ANH,C,47,14,19,33,1,8,116,0,4,4,0,0,19,40
Vladislav Namestnikov,DAL,C,66,14,13,27,0,41,86,0,0,0,1,0,49,32
Nikita Kucherov,TB,RW,34,13,31,44,-10,16,118,0,5,14,0,0,24,7
Blake Coleman,CGY,C,68,13,16,29,13,52,185,1,0,0,1,1,135,42
Jean-Gabriel Pageau,NYI,C,66,13,20,33,3,28,108,0,3,3,1,2,142,41
Travis Boyd,ARI,C,62,13,16,29,-2,26,67,0,1,2,0,0,56,49
Tomas Tatar,NJ,LW,66,13,14,27,-14,16,121,0,2,3,0,0,62,24
Kyle Palmieri,NYI,RW,55,13,14,27,2,51,120,5,1,2,0,0,63,17
Alex Pietrangelo,VGK,D,69,13,27,40,5,40,199,0,3,7,1,3,60,144
Devon Toews,COL,D,58,13,37,50,46,18,145,3,2,9,0,0,46,76
Pierre Engvall,TOR,LW,65,13,13,26,5,24,131,3,1,2,2,1,55,11
Pavel Zacha,NJ,C,57,13,15,28,-17,14,122,1,4,4,0,0,65,16
Nicolas Roy,VGK,C,67,13,20,33,8,47,128,3,1,3,0,1,68,33
Barclay Goodrow,NYR,LW,67,13,13,26,10,48,103,2,0,0,1,1,105,47
J.T. Compher,COL,C,57,13,10,23,3,25,82,0,2,2,1,0,27,46
Artturi Lehkonen,COL,LW,61,13,16,29,0,14,120,1,1,0,2,0,63,26
Tanner Pearson,VAN,LW,66,13,20,33,7,30,155,2,1,2,0,0,83,41
Rem Pitlick,MON,C,53,13,19,32,-1,20,54,1,0,1,1,0,20,26
Trevor Moore,LA,LW,72,13,28,41,16,18,182,1,1,1,4,0,65,26
Jesse Puljujarvi,EDM,RW,56,13,21,34,21,20,139,1,4,3,0,0,69,12
Drake Batherson,OTT,RW,35,13,23,36,1,20,85,0,2,10,0,0,74,12
Martin Necas,CAR,C,65,13,22,35,5,24,125,6,2,2,1,0,50,17
Oliver Wahlstrom,NYI,RW,62,13,11,24,1,52,145,2,5,3,0,0,98,16
Pius Suter,DET,LW,69,13,16,29,-19,18,140,2,0,3,1,0,21,31
Seth Jarvis,CAR,RW,55,13,15,28,12,14,86,2,1,4,0,0,56,16
Arthur Kaliyev,LA,RW,71,13,10,23,-3,22,175,2,6,3,0,0,24,12
Alex Newhook,COL,C,59,12,13,25,6,12,99,4,3,2,0,0,33,25
Matthew Boldy,MIN,LW,35,12,15,27,12,8,79,2,3,6,0,0,21,18
Dylan Cozens,BUF,C,67,12,23,35,-14,49,128,1,1,6,0,1,32,19
Jacob Peterson,DAL,LW,57,12,5,17,-1,10,77,5,0,1,0,0,18,21
Luke Kunin,NSH,C,68,12,8,20,-6,61,109,0,0,2,0,0,202,47
Jonathan Dahlen,SJ,LW,53,12,10,22,-21,10,95,2,3,4,0,0,14,28
Erik Haula,BOS,C,66,12,23,35,12,41,117,2,2,2,0,0,107,31
Alex Kerfoot,TOR,C,69,12,35,47,19,14,102,1,0,1,0,3,62,55
Andreas Johnsson,NJ,LW,62,12,21,33,4,28,108,0,1,0,0,0,57,18
Nick Paul,TB,LW,67,12,11,23,-18,24,145,1,2,0,0,1,87,47
Dominik Kubalik,CHI,LW,69,12,14,26,-18,12,144,0,3,6,0,0,82,22
Travis Konecny,PHI,C,66,12,31,43,-19,51,178,2,3,7,0,0,75,29
Jack Roslovic,CLS,RW,69,12,20,32,-1,8,98,1,1,2,0,0,48,20
Sonny Milano,ANH,LW,55,12,18,30,-10,10,83,2,5,4,0,0,20,14
Mikael Backlund,CGY,C,69,12,21,33,15,20,177,1,0,4,0,0,55,24
Blake Wheeler,WPG,RW,56,12,42,54,-6,32,134,1,2,16,0,0,56,32
Derek Grant,ANH,C,63,12,9,21,-15,27,105,1,2,0,1,1,66,42
Calle Jarnkrok,CGY,C,56,12,16,28,-14,4,93,1,2,4,0,0,35,15
Sam Carrick,ANH,C,58,11,8,19,-7,85,75,0,0,0,0,0,103,19
Jesper Fast,CAR,RW,69,11,14,25,14,4,80,1,1,1,0,1,94,31
Scott Laughton,PHI,C,54,11,17,28,-6,27,94,1,0,1,2,0,114,44
Sean Kuraly,CLS,C,70,11,14,25,1,57,109,0,0,1,0,0,212,45
Adam Lowry,WPG,LW,67,11,7,18,3,52,89,0,0,2,3,2,205,34
Zach Parise,NYI,LW,68,11,17,28,3,20,112,3,1,5,1,0,49,48
John Carlson,WAS,D,65,11,44,55,8,18,156,1,4,15,0,3,56,90
Mike Hoffman,MON,LW,54,11,14,25,-19,26,127,3,3,7,0,0,20,23
Kasperi Kapanen,PIT,RW,68,11,19,30,0,12,118,2,0,5,0,0,93,18
Oskar Lindblom,PHI,LW,67,11,13,24,-4,22,111,1,0,1,0,0,67,45
Anthony Beauvillier,NYI,LW,65,11,21,32,-10,8,140,1,4,5,0,0,31,17
Daniel Sprong,SEA,RW,53,11,6,17,6,8,125,0,1,0,0,0,40,12
Denis Gurianov,DAL,RW,63,11,19,30,4,16,131,2,4,3,0,0,62,29
Zach Werenski,CLS,D,61,11,32,43,-15,22,201,2,4,9,0,1,30,87
Mathieu Joseph,OTT,RW,64,11,15,26,10,27,80,3,0,0,2,2,99,23
Garnet Hathaway,WAS,RW,64,11,11,22,19,51,105,3,0,0,0,1,212,47
Shea Theodore,VGK,D,67,11,30,41,0,22,165,4,1,10,0,0,30,83
Josh Morrissey,WPG,D,67,11,20,31,-2,56,151,3,6,8,0,0,132,88
Vinnie Hinostroza,BUF,RW,50,11,12,23,-9,18,76,1,1,0,0,0,20,9
Brock McGinn,PIT,LW,56,11,7,18,-1,10,91,2,0,0,0,0,85,44
Shayne Gostisbehere,ARI,D,70,11,32,43,-14,20,137,1,2,14,0,0,43,100
Nathan Bastian,NJ,RW,62,11,2,13,-14,61,83,1,3,1,0,0,181,33
Alexandre Texier,CLS,C,36,11,9,20,0,12,59,0,0,0,1,1,13,12
Jesperi Kotkaniemi,CAR,LW,63,11,15,26,5,37,79,3,0,4,0,0,67,15
Adam Boqvist,CLS,D,45,11,10,21,-11,10,56,1,3,3,0,0,21,41
Cole Sillinger,CLS,C,67,11,11,22,-23,27,123,3,0,1,0,0,77,36
Philip Tomasino,NSH,C,62,10,15,25,4,10,83,3,3,4,0,0,37,21
Vasili Podkolzin,VAN,RW,67,10,7,17,5,20,93,3,0,1,0,0,73,26
Nils Hoglander,VAN,LW,60,10,8,18,-7,24,132,0,1,2,0,0,41,16
Noah Dobson,NYI,D,66,10,28,38,9,16,165,3,2,14,0,0,65,125
Michael Rasmussen,DET,C,67,10,11,21,-27,46,103,1,0,2,0,0,103,54
Alexander Barabanov,SJ,RW,60,10,27,37,2,14,88,1,2,6,0,0,47,35
Adam Fox,NYR,D,67,10,56,66,8,18,127,2,0,31,1,1,27,121
Dillon Dube,CGY,C,66,10,12,22,-5,18,122,0,0,1,1,1,68,12
Damon Severson,NJ,D,67,10,29,39,-20,51,142,0,5,10,0,1,73,77
Mike Matheson,PIT,D,62,10,17,27,7,22,112,5,0,2,0,0,86,66
Connor Brown,OTT,RW,54,10,27,37,-8,6,107,0,0,9,1,3,11,34
Frederick Gaudreau,MIN,C,62,10,22,32,9,8,106,3,1,1,0,1,41,39
Tony DeAngelo,CAR,D,51,10,35,45,27,50,117,2,2,16,0,0,35,46
Nick Ritchie,ARI,LW,51,10,10,20,-4,41,83,0,1,3,0,0,133,20
Erik Karlsson,SJ,D,45,10,23,33,-11,14,106,2,0,9,0,0,16,43
Milan Lucic,CGY,LW,69,10,10,20,-5,73,83,0,2,1,0,0,168,20
Jason Spezza,TOR,C,61,10,11,21,-5,22,85,0,3,6,0,0,24,23
Patric Hornqvist,FLA,RW,53,10,14,24,-2,13,135,0,3,4,0,0,98,15
Jonathan Toews,CHI,C,59,10,19,29,-10,33,106,1,3,3,1,0,20,17
William Karlsson,VGK,C,56,10,16,26,-2,8,108,0,1,2,2,0,31,37
Zemgus Girgensons,BUF,C,44,10,6,16,-5,25,75,1,3,1,0,0,70,17
Jacob Trouba,NYR,D,70,10,24,34,20,80,181,1,1,3,0,1,190,153
Dmitry Orlov,WAS,D,65,10,19,29,18,42,107,4,2,1,0,0,114,82
Ryan Nugent-Hopkins,EDM,LW,51,9,34,43,4,10,129,1,1,19,1,2,38,26
Dougie Hamilton,NJ,D,49,9,19,28,-10,32,160,1,2,6,0,0,68,77
Justin Faulk,STL,D,63,9,25,34,31,41,133,3,1,5,0,0,135,90
Mikael Granlund,NSH,C,66,9,41,50,-5,29,101,2,3,19,0,0,69,35
Morgan Rielly,TOR,D,69,9,49,58,13,32,187,3,2,19,0,3,71,66
Colin Blackwell,TOR,C,45,9,9,18,3,4,66,1,0,0,2,0,72,17
Lars Eller,WAS,C,59,9,14,23,-9,28,86,1,0,2,0,0,74,31
Brent Burns,SJ,D,68,9,36,45,-15,34,174,0,3,11,0,1,47,121
Brian Boyle,PIT,C,56,9,6,15,2,25,79,1,0,0,1,0,79,34
Patrick Maroon,TB,LW,68,9,13,22,14,107,91,0,3,2,0,0,132,7
Casey Cizikas,NYI,C,61,9,5,14,-1,42,72,3,0,0,0,0,117,38
Nick Bonino,SJ,C,66,9,9,18,-24,14,107,0,2,4,0,0,27,85
Alex Tuch,BUF,RW,38,9,22,31,2,12,112,0,2,4,0,0,27,38
Christian Dvorak,MON,LW,43,9,11,20,-16,24,71,1,1,3,0,0,27,46
Brandon Montour,FLA,D,68,9,19,28,9,38,133,0,1,7,0,0,43,53
Warren Foegele,EDM,LW,70,9,14,23,-11,22,119,3,2,1,0,0,108,14
Jake Evans,MON,LW,60,9,12,21,-8,20,104,0,0,0,0,1,80,33
Jack Eichel,VGK,C,23,9,8,17,2,8,89,2,3,4,0,0,28,28
Teddy Blueger,PIT,C,53,9,12,21,8,6,80,0,0,0,1,1,75,21
Andreas Athanasiou,LA,C,22,9,5,14,2,2,51,3,0,1,0,0,7,6
Alexander Wennberg,SEA,C,67,9,23,32,-21,22,81,1,1,4,0,1,44,37
Max Domi,CAR,C,59,9,26,35,5,41,81,0,0,4,0,0,20,7
Mattias Janmark,VGK,C,56,9,11,20,2,21,72,1,0,0,2,1,17,24
Zach Sanford,WPG,LW,69,9,10,19,-12,37,91,0,1,2,0,0,149,61
Carson Soucy,SEA,D,51,9,10,19,8,29,79,1,0,2,1,1,100,55
David Kampf,TOR,RW,69,9,14,23,7,18,86,1,0,0,2,2,67,21
Ryan Lomberg,FLA,LW,48,9,8,17,8,63,85,1,0,0,0,1,113,7
Brandon Tanev,SEA,LW,30,9,6,15,4,13,51,3,2,0,1,0,98,22
Brett Howden,VGK,C,47,9,11,20,9,12,39,2,0,0,0,2,62,36
Eeli Tolvanen,NSH,LW,65,9,12,21,-4,14,137,1,1,5,0,0,156,38
Eetu Luostarinen,FLA,LW,65,9,12,21,0,10,74,4,0,0,2,1,91,43
Evan Bouchard,EDM,D,69,9,26,35,-1,22,167,0,2,4,0,1,64,93
Rasmus Dahlin,BUF,D,68,9,34,43,-20,58,148,2,2,15,0,0,100,76
Nico Sturm,COL,C,61,9,9,18,-6,8,84,0,1,0,1,0,75,23
Connor McMichael,WAS,C,63,9,9,18,-2,10,98,0,0,0,0,0,40,19
Kirby Dach,CHI,C,66,8,16,24,-13,43,109,0,2,3,0,1,45,43
Blake Lizotte,LA,LW,61,8,11,19,11,28,76,1,0,0,1,2,63,11
Eric Robinson,CLS,LW,55,8,14,22,0,12,73,1,0,0,1,0,73,17
Filip Zadina,DET,RW,66,8,12,20,-29,10,136,1,4,4,0,0,47,31
Ryan McLeod,EDM,C,59,8,10,18,-5,12,69,1,1,3,0,0,16,20
Charlie McAvoy,BOS,D,66,8,41,49,19,56,132,3,4,17,1,0,131,109
Rudolfs Balcers,SJ,LW,47,8,10,18,-3,14,78,1,0,0,0,1,90,30
Gerald Mayhew,ANH,C,32,8,0,8,-7,14,43,0,1,0,0,0,49,26
Carl Grundstrom,LA,LW,48,8,5,13,3,16,72,1,0,0,0,0,118,15
Nic Dowd,WAS,C,51,8,9,17,9,32,73,0,0,0,1,0,107,40
Brady Skjei,CAR,D,69,8,21,29,17,42,156,0,0,0,0,0,83,64
Sean Monahan,CGY,C,65,8,15,23,-15,24,111,2,5,8,0,0,59,24
Darnell Nurse,EDM,D,63,8,23,31,14,50,184,0,0,6,1,0,179,118
Derek Ryan,EDM,C,63,8,10,18,-4,6,60,2,0,0,0,0,27,28
Nicolas Aube-Kubel,COL,C,62,8,9,17,6,43,75,1,0,0,0,0,114,12
Michael Amadio,VGK,C,45,8,6,14,-2,13,49,2,0,0,0,0,31,13
Brendan Lemieux,LA,LW,44,8,3,11,5,86,63,2,0,0,0,0,108,15
Oliver Kylington,CGY,D,64,8,19,27,26,12,124,2,1,2,0,0,34,68
Jordan Greenway,MIN,LW,55,8,14,22,23,65,96,3,1,0,0,0,137,26
Ben Chiarot,FLA,D,61,8,14,22,-20,44,119,1,1,1,0,1,128,104
Tyler Ennis,OTT,LW,57,8,16,24,-6,16,89,1,1,3,0,0,70,24
Josh Bailey,NYI,LW,60,8,25,33,0,6,68,1,1,6,0,0,15,20
Dustin Brown,LA,RW,57,8,17,25,-6,20,133,0,1,2,0,0,79,16
T.J. Oshie,WAS,RW,31,8,12,20,-10,10,47,1,3,4,0,1,59,18
Jordan Staal,CAR,C,67,8,16,24,6,16,123,1,1,1,0,0,189,28
Kevin Shattenkirk,ANH,D,71,8,23,31,-7,32,145,1,1,12,0,0,59,110
Sam Gagner,DET,C,68,8,16,24,-7,28,111,0,0,1,0,0,15,22
Derick Brassard,EDM,C,37,8,10,18,5,12,54,1,1,1,0,0,71,5
Torey Krug,STL,D,57,8,27,35,24,46,105,1,2,14,1,0,44,59
Luke Glendening,DAL,C,68,8,5,13,-14,13,93,1,0,0,0,0,153,44
Cam Fowler,ANH,D,67,8,28,36,-9,12,112,0,6,10,0,0,33,100
Jaden Schwartz,SEA,LW,37,8,15,23,-13,14,101,0,1,3,0,0,42,13
Derek Stepan,CAR,C,52,8,8,16,1,12,87,0,0,0,0,0,29,25
Kevin Hayes,PHI,C,35,8,16,24,-10,16,78,1,2,1,0,1,28,10
Mark Stone,VGK,RW,28,8,20,28,7,8,53,2,2,2,0,1,14,19
Nicolas Deslauriers,MIN,LW,69,7,5,12,-8,95,78,1,0,0,1,0,234,40
Matt Dumba,MIN,D,55,7,19,26,9,43,116,1,1,4,0,0,113,81
Alex Chiasson,VAN,RW,57,7,5,12,0,18,65,1,4,2,0,0,58,13
Nick Cousins,NSH,C,55,7,12,19,-5,19,88,1,3,1,0,0,57,21
Phil Kessel,ARI,RW,70,7,36,43,-16,38,143,0,2,10,0,0,6,20
Kris Letang,PIT,D,66,7,53,60,21,45,182,2,2,20,0,0,145,110
Mark Giordano,TOR,D,62,7,19,26,-17,49,128,0,0,9,2,0,61,115
Drew Doughty,LA,D,39,7,24,31,4,30,99,1,4,9,0,0,60,53
Vince Dunn,SEA,D,64,7,22,29,-18,53,105,0,2,6,0,0,64,69
Ivan Provorov,PHI,D,66,7,16,23,-13,26,131,1,1,3,0,2,56,135
Noah Hanifin,CGY,D,68,7,27,34,18,19,155,0,0,10,0,0,48,74
Jansen Harkins,WPG,C,69,7,3,10,-9,13,59,0,0,0,0,0,48,15
Jakub Vrana,DET,RW,13,7,3,10,-8,10,30,1,3,1,0,0,12,6
Juho Lammikko,VAN,RW,63,7,8,15,-2,14,55,2,0,0,0,0,68,42
Jimmy Vesey,NJ,LW,65,7,7,14,-23,12,106,2,0,0,2,0,83,29
Pierre-Edouard Bellemare,TB,C,68,7,10,17,21,19,61,1,0,0,1,0,77,37
MacKenzie Weegar,FLA,D,69,7,31,38,37,65,172,2,1,1,1,1,164,141
Nathan Walker,STL,C,17,7,1,8,3,0,29,2,0,0,0,0,34,10
Tyler Motte,NYR,C,56,7,8,15,2,22,98,1,0,0,1,0,111,56
Brett Pesce,CAR,D,57,7,16,23,2,35,126,3,1,2,0,0,34,78
William Carrier,VGK,LW,59,7,11,18,9,34,108,0,0,0,0,0,150,23
Curtis Lazar,BOS,C,58,7,7,14,-2,12,76,0,0,0,0,1,151,42
Anthony Mantha,WAS,RW,24,7,7,14,-2,12,58,0,0,2,0,0,26,14
Michael McCarron,NSH,C,45,7,7,14,13,65,48,2,0,1,1,0,108,30
Taylor Raddysh,CHI,RW,62,7,10,17,4,8,79,1,2,1,1,0,84,18
Justin Danforth,CLS,RW,33,7,2,9,2,6,55,0,0,0,0,0,70,16
Mason Appleton,WPG,C,56,7,11,18,-2,26,77,2,0,0,0,0,50,15
Steven Lorentz,CAR,C,59,7,5,12,-1,8,68,1,0,0,0,0,58,10
Jakob Chychrun,ARI,D,47,7,14,21,-20,47,141,2,1,0,0,0,51,66
Tyson Jost,MIN,C,69,7,10,17,0,34,84,1,0,0,0,1,51,31
Joe Veleno,DET,C,53,7,7,14,-8,22,56,0,0,0,0,0,86,22
Barrett Hayton,ARI,C,48,7,10,17,-4,14,58,1,1,2,0,0,64,28
Owen Tippett,PHI,RW,50,7,9,16,-1,12,91,0,0,1,0,0,76,13
Filip Chytil,NYR,C,58,7,12,19,-5,12,113,1,0,1,0,0,19,23
Peyton Krebs,BUF,C,45,7,10,17,-19,20,50,2,0,5,0,0,18,7
Yegor Chinakhov,CLS,RW,58,7,7,14,-25,14,92,1,1,0,0,0,48,15
Jesper Boqvist,NJ,C,43,6,10,16,-6,8,54,0,0,0,0,0,25,13
Morgan Geekie,SEA,C,62,6,14,20,-13,18,81,0,0,4,0,0,42,16
Zach Whitecloud,VGK,D,48,6,9,15,21,14,75,1,0,0,1,0,74,102
K'Andre Miller,NYR,D,70,6,10,16,16,20,83,2,1,0,0,0,121,79
Logan O'Connor,COL,C,69,6,14,20,12,29,117,1,0,0,1,3,83,54
Mikhail Sergachev,TB,D,65,6,27,33,10,46,124,1,1,5,0,1,107,104
Michael McLeod,NJ,C,64,6,9,15,-16,44,72,0,0,0,0,1,117,28
Sam Steel,ANH,C,58,6,11,17,-11,14,62,1,0,3,0,0,32,26
Rasmus Asplund,BUF,C,68,6,17,23,-11,8,113,1,2,2,1,0,21,13
Kevin Rooney,NYR,C,51,6,5,11,0,14,60,1,0,0,0,0,62,40
Artem Zub,OTT,D,68,6,15,21,2,46,80,0,0,0,0,0,134,115
Janne Kuokkanen,NJ,LW,45,6,8,14,-10,8,51,1,1,0,1,0,25,16
Brandon Duhaime,MIN,LW,66,6,10,16,-6,84,82,1,0,0,0,0,170,16
Ryan Graves,NJ,D,64,6,21,27,-13,24,101,0,0,0,0,0,77,115
Chris Tierney,OTT,C,58,6,11,17,-8,12,66,2,3,2,0,0,36,27
Oskar Sundqvist,DET,C,48,6,12,18,2,12,57,0,0,0,0,0,58,24
Colton Parayko,STL,D,67,6,21,27,10,14,119,2,0,1,0,0,69,148
Colton Sissons,NSH,RW,65,6,21,27,7,24,72,0,1,3,0,0,152,32
Jonathan Drouin,MON,C,34,6,14,20,-9,23,62,0,0,4,0,0,27,11
Michael Raffl,DAL,LW,62,6,9,15,-12,14,81,1,0,0,0,2,104,28
Dominic Toninato,WPG,LW,65,6,6,12,1,22,39,1,0,0,1,3,82,25
Travis Sanheim,PHI,D,67,6,20,26,6,22,101,1,0,0,0,0,45,111
Thomas Chabot,OTT,D,55,6,28,34,-1,26,165,1,0,11,0,0,71,88
Evgeny Svechnikov,WPG,LW,60,6,12,18,-1,36,71,0,0,0,0,0,81,18
Keegan Kolesar,VGK,RW,69,6,15,21,-6,66,81,0,1,0,1,0,210,42
Erik Gudbranson,CGY,D,69,6,11,17,15,61,113,0,0,0,0,0,132,82
Marcus Johansson,WAS,LW,56,6,17,23,-26,4,86,1,3,6,0,0,22,21
Andrew Ladd,ARI,LW,43,6,3,9,-11,43,48,0,2,1,0,0,63,28
Erik Johnson,COL,D,69,6,15,21,19,22,123,1,0,1,1,1,148,117
Ryan Suter,DAL,D,68,6,21,27,-3,30,104,0,3,8,0,0,43,77
Darren Helm,COL,C,56,6,5,11,-2,10,78,0,0,0,1,1,94,21
Cal Clutterbuck,NYI,RW,59,6,9,15,-6,10,74,1,0,0,1,0,229,23
Nicklas Backstrom,WAS,C,36,6,20,26,-6,6,57,1,1,11,0,0,13,11
Victor Rask,SEA,C,34,6,9,15,6,2,37,0,0,0,0,0,12,3
Adam Larsson,SEA,D,69,6,13,19,-21,49,91,3,0,1,0,0,158,118
Sean Couturier,PHI,C,29,6,11,17,-6,14,79,2,2,3,0,1,22,18
Tyson Barrie,EDM,D,61,6,29,35,3,18,126,0,3,15,0,1,22,57
Jared Spurgeon,MIN,D,53,6,26,32,25,10,91,1,0,12,0,0,36,66
Johan Larsson,WAS,C,30,6,9,15,-2,30,30,1,1,1,0,0,55,21
Jason Zucker,PIT,LW,32,6,8,14,3,10,89,0,2,0,0,0,52,15
Brendan Gallagher,MON,RW,43,5,9,14,-11,49,110,0,4,0,0,0,43,23
John Klingberg,DAL,D,61,5,35,40,-15,30,115,2,1,16,0,0,42,62
Nick Bjugstad,MIN,C,43,5,6,11,-4,12,62,0,0,0,0,0,67,12
Mattias Ekholm,NSH,D,63,5,18,23,13,36,117,1,0,2,0,1,54,77
Jakob Silfverberg,ANH,RW,53,5,16,21,-3,30,120,0,1,4,0,0,16,40
Matt Nieto,SJ,LW,56,5,7,12,-20,13,57,0,0,0,0,0,79,39
Ryan Dzingel,SJ,C,32,5,3,8,-5,35,32,1,0,0,0,0,20,9
Hampus Lindholm,BOS,D,67,5,21,26,5,46,134,1,1,4,0,1,65,86
Anton Stralman,ARI,D,62,5,12,17,-17,8,81,1,0,0,0,0,73,87
Jakub Voracek,CLS,LW,67,5,46,51,-12,44,124,2,2,19,0,0,23,24
Joe Thornton,FLA,C,30,5,4,9,-8,6,23,1,3,0,0,0,17,9
Justin Braun,NYR,D,63,5,11,16,0,36,69,0,0,0,0,0,82,114
Chris Tanev,CGY,D,69,5,19,24,28,20,74,2,0,0,0,0,41,126
Zack Kassian,EDM,RW,46,5,11,16,-1,47,48,1,2,0,0,0,133,6
Dmitry Kulikov,MIN,D,66,5,16,21,15,33,53,1,0,0,0,0,79,80
Wayne Simmonds,TOR,RW,63,5,10,15,-5,76,71,2,0,1,0,0,118,9
P.K. Subban,NJ,D,66,5,16,21,-8,78,106,1,0,0,0,1,64,77
Adam Gaudette,OTT,C,44,5,9,14,-10,15,78,1,2,0,0,0,58,9
Brandon Carlo,BOS,D,67,5,9,14,5,27,114,0,0,1,0,0,111,92
Christian Fischer,ARI,RW,53,5,5,10,-15,14,76,0,1,0,0,0,91,22
Sam Lafferty,CHI,RW,44,5,4,9,-10,22,66,1,0,0,0,0,113,21
Gustav Forsling,FLA,D,60,5,25,30,32,14,115,1,0,0,0,0,39,70
Seth Jones,CHI,D,66,5,42,47,-33,26,165,0,0,18,0,1,82,138
Nick Jensen,WAS,D,63,5,13,18,24,21,70,1,0,0,0,0,113,79
Devin Shore,EDM,C,45,5,6,11,-4,8,33,0,0,0,1,0,59,21
Alex Galchenyuk,ARI,RW,50,5,11,16,-10,24,69,0,0,1,0,0,55,22
Adam Erne,DET,RW,68,5,11,16,-23,32,95,1,0,0,0,0,129,41
Filip Hronek,DET,D,65,5,30,35,-27,30,112,0,2,4,0,0,56,70
Samuel Girard,COL,D,56,5,22,27,1,18,65,1,0,7,0,0,50,77
Vinni Lettieri,ANH,C,27,5,3,8,-9,4,45,0,2,3,0,0,32,14
Michael Pezzetta,MON,C,44,5,3,8,-7,68,40,0,0,0,0,0,132,7
Vladislav Gavrikov,CLS,D,68,5,25,30,0,52,84,1,0,0,0,0,115,118
Maxim Mamin,FLA,LW,33,5,5,10,9,11,37,0,0,0,0,0,47,16
Trent Frederic,BOS,C,49,5,10,15,11,49,75,1,0,0,0,0,93,17
Jake Bean,CLS,D,55,5,14,19,-7,26,77,2,0,2,0,1,25,66
Philipp Kurashev,CHI,LW,58,5,12,17,-12,12,72,1,2,3,0,0,29,23
Rasmus Sandin,TOR,D,51,5,11,16,9,4,46,3,0,3,0,0,88,39
Martin Fehervary,WAS,D,66,5,7,12,13,22,79,1,0,0,1,1,195,102
Emil Bemstrom,CLS,C,29,5,4,9,2,4,47,1,0,0,0,0,19,4
Parker Kelly,OTT,C,27,5,1,6,-1,37,30,0,0,0,0,0,88,21
Quinn Hughes,VAN,D,66,5,48,53,8,26,129,0,0,27,0,2,17,47
Mackenzie Entwistle,CHI,RW,50,5,6,11,-14,19,31,0,0,0,1,0,118,20
Adam Ruzicka,CGY,C,24,5,4,9,6,8,28,0,0,0,0,0,21,5
Ryan Poehling,MON,C,46,5,8,13,-19,6,71,1,1,0,0,0,36,15
Quinton Byfield,LA,C,32,5,3,8,-6,16,32,1,0,1,0,0,16,6
Bowen Byram,COL,D,18,5,6,11,3,6,35,2,1,0,0,0,27,15
Kaapo Kakko,NYR,RW,37,5,9,14,7,10,56,1,1,1,0,0,5,13
Moritz Seider,DET,D,69,5,39,44,-6,30,149,3,2,17,0,2,115,141
Joe Snively,WAS,LW,12,4,3,7,3,2,21,0,1,0,0,0,2,3
Jamie Drysdale,ANH,D,70,4,24,28,-20,14,114,1,0,11,0,0,31,65
Nicolas Hague,VGK,D,52,4,10,14,6,38,116,0,0,0,0,0,57,80
Rasmus Kupari,LA,C,49,4,7,11,-3,16,47,1,1,2,0,0,56,13
Jasper Weatherby,SJ,C,45,4,6,10,-14,16,42,0,1,1,0,0,46,23
Kieffer Bellows,NYI,LW,35,4,9,13,-1,17,59,2,0,2,0,0,72,7
Henrik Borgstrom,CHI,C,46,4,3,7,-12,20,38,0,0,1,0,0,22,18
Ethan Bear,CAR,D,51,4,9,13,5,18,85,2,0,1,0,0,48,38
Dryden Hunt,NYR,LW,64,4,11,15,-8,50,81,1,0,0,0,0,134,15
Klim Kostin,STL,RW,40,4,5,9,-3,23,31,1,0,0,0,0,90,9
Matthew Highmore,VAN,C,39,4,6,10,0,12,48,0,1,0,0,0,38,35
Miro Heiskanen,DAL,D,56,4,26,30,2,20,121,1,2,6,0,0,40,78
Ryan Lindgren,NYR,D,67,4,9,13,13,46,62,1,0,0,0,0,115,126
Givani Smith,DET,LW,46,4,3,7,-6,108,50,0,0,0,0,0,86,20
Noah Gregor,SJ,C,49,4,12,16,-12,12,120,1,0,2,0,0,96,40
Laurent Dauphin,MON,C,34,4,8,12,-9,25,44,0,0,0,0,0,28,24
Patrick Brown,PHI,C,40,4,4,8,-10,11,49,0,0,0,0,0,91,33
Brendan Gaunce,CLS,C,20,4,2,6,0,6,31,0,0,0,0,0,29,6
Esa Lindell,DAL,D,65,4,19,23,5,6,123,0,0,3,1,1,102,133
Brett Kulak,EDM,D,62,4,13,17,-3,35,71,0,0,0,0,1,72,53
Matt Grzelcyk,BOS,D,62,4,18,22,21,20,99,2,0,5,0,0,38,72
Carter Rowney,DET,C,26,4,2,6,-4,0,15,0,0,0,0,1,36,20
Nate Schmidt,WPG,D,66,4,27,31,-1,10,97,1,1,10,0,1,34,89
Max Willman,PHI,LW,41,4,2,6,-13,16,65,0,0,0,0,0,53,10
Dysin Mayo,ARI,D,61,4,8,12,-9,23,71,0,0,0,0,0,110,121
Anders Bjork,BUF,LW,51,4,2,6,-14,10,42,0,0,0,0,0,10,15
Brendan Perlini,EDM,LW,23,4,1,5,-2,6,24,0,0,0,0,0,29,3
Caleb Jones,CHI,D,45,4,9,13,2,14,47,1,0,1,0,0,71,52
Rasmus Andersson,CGY,D,69,4,38,42,21,20,125,1,2,14,0,1,45,110
Paul Byron,MON,C,22,4,3,7,-6,0,30,2,0,0,0,0,56,6
Oliver Ekman-Larsson,VAN,D,67,4,17,21,1,44,150,0,2,4,0,0,86,65
Nick Holden,OTT,D,62,4,11,15,-1,10,63,1,0,0,0,0,103,96
T.J. Brodie,TOR,D,69,4,19,23,18,24,58,0,0,1,0,2,44,96
Cody Eakin,BUF,C,65,4,8,12,-11,20,72,1,1,1,0,1,32,27
Jeff Petry,MON,D,57,4,12,16,-10,30,92,0,0,1,0,1,124,93
Alexander Radulov,DAL,RW,61,4,17,21,-16,28,86,2,1,6,0,0,38,47
Andrew Cogliano,COL,LW,62,4,12,16,-15,14,66,0,0,0,1,1,93,23
Trevor Lewis,CGY,C,69,4,9,13,-4,10,93,0,0,1,1,0,155,36
Cody Ceci,EDM,D,66,4,21,25,11,14,91,0,0,0,0,2,99,100
Radek Faksa,DAL,C,63,4,11,15,-17,46,72,0,1,0,0,0,108,58
Josh Manson,COL,D,54,4,6,10,-3,57,74,0,0,0,0,0,146,55
Mike Reilly,BOS,D,60,4,11,15,4,20,113,0,0,2,1,0,81,50
Jonas Brodin,MIN,D,59,4,23,27,7,14,102,1,0,5,0,1,37,105
Joel Armia,MON,RW,53,4,8,12,-17,14,85,0,1,2,1,0,95,23
Connor Murphy,CHI,D,57,4,6,10,-14,47,71,1,0,0,0,0,130,150
Derek Forbort,BOS,D,63,4,7,11,1,32,51,1,0,0,0,0,108,80
Austin Watson,OTT,LW,53,4,3,7,-9,83,64,1,0,0,1,0,161,54
Jon Merrill,MIN,D,63,4,14,18,15,20,56,0,0,0,0,0,41,103
Jani Hakanpaa,DAL,D,66,3,6,9,3,43,56,0,0,0,0,0,204,96
Carl Hagelin,WAS,LW,53,3,11,14,10,20,71,1,0,0,0,1,32,12
Antoine Roussel,ARI,LW,47,3,3,6,-17,55,48,1,0,0,0,0,65,32
Scott Mayfield,NYI,D,61,3,15,18,-5,55,80,2,0,0,0,1,77,109
Brian Dumoulin,PIT,D,64,3,14,17,22,16,80,0,0,0,0,0,70,120
Brad Hunt,VAN,D,38,3,10,13,-4,12,51,0,0,1,0,0,15,41
Chris Wideman,MON,D,55,3,19,22,-20,51,65,0,0,11,0,0,38,35
Ryan Reaves,NYR,RW,60,3,8,11,-12,41,38,0,0,0,0,0,244,11
Ryan McDonagh,TB,D,60,3,18,21,7,16,75,0,0,1,0,0,82,116
Brendan Smith,CAR,D,35,3,2,5,4,30,43,1,0,0,0,0,61,33
Marc-Edouard Vlasic,SJ,D,61,3,11,14,-15,14,51,0,0,0,0,0,35,68
Marc Staal,DET,D,60,3,12,15,6,24,66,1,0,0,0,0,74,65
Ryan Getzlaf,ANH,C,49,3,28,31,-11,23,95,1,2,8,0,0,78,49
Travis Hamonic,OTT,D,29,3,4,7,5,8,59,0,0,0,0,0,47,63
David Savard,MON,D,49,3,10,13,-16,30,51,0,0,0,0,1,113,106
Matt Martin,NYI,LW,57,3,2,5,-1,57,54,0,0,0,0,0,197,23
Calvin de Haan,CHI,D,64,3,4,7,-18,31,102,0,0,0,0,0,135,163
Zach Bogosian,TB,D,37,3,4,7,2,42,49,1,0,0,0,0,83,28
Luke Schenn,VAN,D,54,3,11,14,12,47,66,1,0,0,0,0,227,80
Tyler Bozak,STL,C,47,3,8,11,-11,14,45,1,0,1,1,1,19,19
Mathieu Perreault,MON,C,20,3,3,6,4,4,21,0,0,0,0,0,22,8
Dominik Simon,ANH,C,61,3,7,10,3,30,73,1,0,1,0,0,61,31
Jake Walman,DET,D,39,3,4,7,-1,8,64,0,0,0,0,0,27,41
Kevin Labanc,SJ,RW,21,3,3,6,-4,6,36,1,2,2,0,0,28,9
Dean Kukan,CLS,D,37,3,7,10,-1,14,39,0,0,0,0,0,34,31
Jacob Middleton,MIN,D,52,3,6,9,5,73,58,0,0,1,0,1,101,103
Ben Hutton,VGK,D,47,3,8,11,7,30,60,0,0,0,0,0,38,61
Chad Ruhwedel,PIT,D,66,3,7,10,1,12,73,0,0,0,0,0,129,65
Jordan Martinook,CAR,LW,46,3,7,10,2,16,54,1,0,0,0,0,62,10
Jaccob Slavin,CAR,D,67,3,34,37,24,10,133,0,1,6,0,2,43,109
Jujhar Khaira,CHI,C,27,3,0,3,-4,13,32,0,0,0,0,0,88,14
Adam Pelech,NYI,D,64,3,24,27,22,12,85,0,0,0,0,1,86,104
Jake McCabe,CHI,D,63,3,15,18,-23,21,64,0,0,0,0,0,139,143
Tomas Nosek,BOS,LW,63,3,12,15,-9,26,64,1,0,0,0,2,67,26
Ryan Carpenter,CGY,C,62,3,9,12,-9,36,63,2,0,1,0,0,128,41
Jason Dickinson,VAN,C,50,3,3,6,-4,17,55,0,0,0,0,0,89,36
Ryan Pulock,NYI,D,43,3,13,16,3,2,82,0,0,2,0,1,65,109
Nikita Zadorov,CGY,D,62,3,13,16,9,61,92,0,0,0,0,0,154,42
Lucas Carlsson,FLA,D,35,3,6,9,5,10,37,0,0,0,0,0,35,25
Jan Rutta,TB,D,65,3,12,15,15,42,75,0,0,0,0,0,82,65
Zach Aston-Reese,ANH,C,58,3,10,13,9,24,64,0,0,0,0,0,205,35
Dylan Coghlan,VGK,D,56,3,10,13,-5,18,103,1,2,2,0,0,60,60
Matt Luff,NSH,RW,16,3,3,6,4,2,17,1,0,0,0,0,23,1
Neal Pionk,WPG,D,65,3,27,30,8,40,123,1,1,9,0,0,160,79
Jeffrey Viel,SJ,LW,29,3,2,5,-2,100,27,0,0,0,0,0,79,11
Niko Mikkola,STL,D,51,3,8,11,-6,51,56,0,0,0,1,0,104,77
Julien Gauthier,NYR,RW,47,3,4,7,-8,4,65,1,0,0,0,0,95,14
Logan Brown,STL,C,27,3,4,7,-4,4,24,0,0,1,0,0,17,11
Sean Durzi,LA,D,54,3,22,25,-11,49,93,0,2,11,0,1,60,95
Alexander Romanov,MON,D,66,3,9,12,-2,39,90,0,0,0,0,0,204,120
Ty Smith,NJ,D,56,3,14,17,-20,14,62,0,0,4,0,0,33,58
Alex Barre-Boulet,TB,C,16,3,3,6,0,4,16,0,0,1,0,0,10,3
Morgan Frost,PHI,C,42,3,7,10,-15,14,52,0,1,0,0,0,30,19
Henri Jokiharju,BUF,D,48,3,12,15,-4,16,61,0,0,2,0,0,54,47
Timothy Liljegren,TOR,D,51,3,17,20,14,12,64,0,1,0,0,0,64,53
Gabriel Vilardi,LA,C,19,3,0,3,-8,2,28,1,2,0,0,0,3,8
Casey Mittelstadt,BUF,C,28,3,11,14,-13,2,54,0,1,5,0,0,9,10
Maxime Comtois,ANH,LW,44,3,9,12,-15,42,63,0,0,2,0,0,95,14
Janis Moser,ARI,D,33,3,9,12,-1,12,29,1,1,0,0,0,25,36
Drew O'Connor,PIT,C,22,3,2,5,-1,4,40,0,0,0,0,0,12,7
Brett Leason,WAS,RW,36,3,3,6,1,4,45,0,0,0,0,0,16,14
Alexei Protas,WAS,C,33,3,6,9,4,0,34,0,0,1,0,0,20,12
Cam York,PHI,D,26,3,6,9,-10,4,23,0,1,3,0,0,19,36
Arttu Ruotsalainen,BUF,C,18,2,2,4,-1,6,23,0,0,0,0,0,14,6
Corey Schueneman,MON,D,19,2,3,5,-1,8,25,0,0,1,0,0,14,30
Mason McTavish,ANH,C,9,2,1,3,3,2,12,1,0,1,0,0,8,6
Braden Schneider,NYR,D,31,2,6,8,3,4,21,0,0,1,0,0,46,44
Radim Zohorna,PIT,RW,17,2,4,6,12,4,9,0,0,0,0,0,23,3
Cole Perfetti,WPG,LW,18,2,5,7,1,0,21,1,0,1,0,0,17,2
Mario Ferraro,SJ,D,49,2,10,12,-9,10,38,1,0,0,0,0,105,128
Jonas Rondbjerg,VGK,RW,28,2,3,5,0,4,27,0,0,0,0,0,12,11
Alexei Toropchenko,STL,RW,19,2,0,2,-4,11,34,0,0,0,0,0,50,15
Scott Reedy,SJ,C,21,2,1,3,-6,2,17,1,1,0,0,0,6,19
Mikey Anderson,LA,D,55,2,5,7,5,6,56,1,0,0,0,0,127,66
Kristian Vesalainen,WPG,LW,53,2,1,3,-8,6,43,0,0,0,0,0,72,14
Karson Kuhlman,SEA,C,31,2,3,5,0,2,41,0,0,0,0,0,60,15
Jesse Ylonen,MON,LW,11,2,3,5,4,2,9,0,0,0,0,0,5,4
Jack Drury,CAR,C,2,2,0,2,3,2,6,0,0,0,0,0,4,2
Calen Addison,MIN,D,15,2,2,4,-4,2,17,0,0,0,0,0,12,6
Paul Cotter,VGK,C,7,2,0,2,1,6,11,0,0,0,0,0,17,1
Jan Jenik,ARI,C,8,2,0,2,-3,9,12,1,0,0,0,0,18,3
Connor Dewar,MIN,C,30,2,3,5,-5,25,38,1,0,1,0,0,41,18
Nikita Zaitsev,OTT,D,49,2,6,8,-4,24,57,0,0,0,0,2,98,83
Drake Caggiula,BUF,LW,18,2,3,5,-4,4,23,1,0,1,0,0,17,7
Zack MacEwen,PHI,C,66,2,5,7,-14,101,71,1,0,0,0,0,139,32
Michael Carcone,ARI,C,10,2,0,2,-5,5,19,0,0,0,0,0,14,4
Oskar Steen,BOS,C,19,2,4,6,-1,6,22,0,0,0,0,0,29,6
Nolan Patrick,VGK,C,25,2,5,7,1,6,34,0,0,1,0,0,26,3
Adam Brooks,WPG,C,21,2,1,3,2,2,14,2,0,0,0,0,10,6
Brett Murray,BUF,LW,19,2,4,6,-3,23,14,0,0,1,0,0,17,2
Boris Katchouk,CHI,LW,47,2,4,6,-3,29,45,1,0,0,0,0,113,14
Dylan Gambrell,OTT,C,50,2,3,5,-4,8,44,0,0,0,1,0,78,32
John Hayden,BUF,C,52,2,2,4,-11,82,61,0,0,0,0,0,95,24
Jordan Oesterle,DET,D,39,2,5,7,-5,4,59,1,0,0,0,0,19,39
Will Butcher,BUF,D,35,2,6,8,-10,0,34,0,0,2,0,0,10,30
Connor Clifton,BOS,D,49,2,6,8,-3,30,65,0,0,0,0,0,127,51
Anton Blidh,BOS,LW,30,2,7,9,-3,12,24,0,0,0,0,0,77,16
Martin Frk,LA,RW,6,2,0,2,-4,2,15,0,2,0,0,0,11,0
Justin Schultz,WAS,D,61,2,13,15,-11,8,74,1,1,2,0,0,30,66
Erik Gustafsson,CHI,D,52,2,14,16,-2,12,66,0,0,4,0,0,41,47
Rasmus Ristolainen,PHI,D,62,2,14,16,-11,36,93,0,0,1,0,0,219,121
Colin Miller,BUF,D,36,2,12,14,-1,21,46,0,0,3,0,0,45,40
Kurtis MacDermid,COL,D,53,2,3,5,3,72,43,0,0,0,0,0,96,22
Liam O'Brien,ARI,C,37,2,1,3,1,106,33,0,0,0,0,0,131,10
Austin Czarnik,NYI,C,17,2,5,7,5,0,14,0,0,0,0,0,3,7
Dakota Joshua,STL,LW,25,2,3,5,4,14,19,2,0,0,0,0,64,9
Haydn Fleury,SEA,D,34,2,2,4,-1,8,49,1,0,0,0,0,57,57
Alexandre Carrier,NSH,D,63,2,25,27,25,42,76,0,0,3,0,1,65,99
Jeremy Lauzon,NSH,D,59,2,5,7,-8,69,66,0,0,0,0,0,198,58
Kyle Capobianco,ARI,D,34,2,3,5,-4,28,34,1,1,1,0,0,25,36
Gabriel Carlsson,CLS,D,33,2,5,7,4,8,14,0,0,0,0,0,26,29
Nicolas Meloche,SJ,D,38,2,4,6,-12,26,27,1,0,0,0,0,117,42
Colin White,OTT,C,18,2,6,8,-5,2,37,1,2,4,0,0,19,2
Marco Scandella,STL,D,58,2,10,12,13,16,65,0,0,0,0,2,85,62
Michael Del Zotto,OTT,D,16,2,7,9,-10,4,26,0,1,1,0,0,29,22
Colton Sceviour,EDM,RW,35,2,3,5,-6,26,38,0,0,0,0,1,41,20
Nick Leddy,STL,D,63,2,18,20,-33,18,61,0,0,6,0,0,34,57
Jake Muzzin,TOR,D,41,2,10,12,-8,12,61,0,0,0,0,1,84,53
Loui Eriksson,ARI,RW,61,2,15,17,-12,6,67,0,0,1,1,0,11,16
Brad Richardson,VAN,C,32,2,3,5,-4,29,22,0,0,0,0,0,47,15
James Neal,STL,RW,19,2,2,4,-1,0,31,1,1,1,0,0,17,3
Andy Greene,NYI,D,55,2,7,9,-13,6,41,0,0,0,0,0,28,98
Alex Goligoski,MIN,D,60,2,27,29,37,32,68,0,0,4,0,0,48,81
Ian Cole,CAR,D,65,2,16,18,13,72,69,1,0,0,0,1,93,86
Nick Foligno,BOS,LW,51,2,9,11,-11,53,83,0,0,1,0,0,135,29
Alexander Edler,LA,D,34,2,13,15,12,24,46,0,0,0,0,1,52,48
Mark Jankowski,BUF,C,19,2,3,5,2,4,14,1,0,0,0,0,5,8
Brett Ritchie,CGY,RW,32,2,0,2,-3,29,47,0,0,0,0,0,53,4
Gregory Hofmann,FA,LW,24,2,5,7,6,8,33,2,0,0,0,0,23,10
Justin Dowling,VAN,C,22,2,2,4,-3,2,17,0,0,0,0,0,10,9
Michael Sgarbossa,WAS,LW,10,2,2,4,3,0,11,0,0,0,0,0,7,2
Brayden McNabb,VGK,D,58,2,10,12,8,36,65,0,0,0,0,1,121,154
Brenden Dillon,WPG,D,67,2,17,19,15,63,77,0,0,0,0,0,185,95
Joonas Donskoi,SEA,RW,63,2,16,18,-11,8,76,0,0,3,0,1,32,27
Patrik Nemeth,NYR,D,56,2,3,5,-10,26,49,1,0,0,0,0,103,89
Justin Holl,TOR,D,58,2,15,17,14,39,56,1,0,0,1,2,100,88
Greg McKegg,NYR,C,41,2,3,5,-10,6,23,0,0,0,0,1,48,22
Radko Gudas,FLA,D,67,2,12,14,26,92,91,0,0,0,0,0,315,104
Riley Sheahan,SEA,C,56,2,10,12,6,0,57,0,0,0,0,2,14,22
Mark Pysyk,BUF,D,65,2,9,11,-7,16,61,0,0,0,0,0,41,84
Jarred Tinordi,NYR,D,7,1,0,1,-5,7,5,1,0,0,0,0,17,8
Tyler Johnson,CHI,C,17,1,2,3,-9,10,19,0,0,2,0,0,25,5
Brad Malone,EDM,C,8,1,1,2,-2,2,7,0,0,0,0,0,22,1
Logan Shaw,OTT,RW,17,1,2,3,-3,2,17,0,0,0,0,0,11,5
Andy Andreoff,NYI,C,5,1,0,1,-1,0,6,0,0,0,0,0,8,1
Josh Leivo,CAR,LW,7,1,2,3,1,2,10,0,0,0,0,0,4,1
Joel Edmundson,MON,D,11,1,1,2,-3,12,12,0,0,0,0,0,38,24
Jamie Oleksiak,SEA,D,59,1,14,15,4,50,77,0,0,0,0,1,154,65
Olli Maatta,LA,D,57,1,6,7,17,10,56,0,0,0,0,0,57,83
Nick Seeler,PHI,D,43,1,2,3,-3,29,32,0,0,0,0,0,75,67
Greg Pateryn,ANH,D,10,1,1,2,0,10,16,0,0,0,0,0,18,7
Dylan DeMelo,WPG,D,64,1,10,11,5,26,63,0,0,0,1,1,93,90
Andrej Sekera,DAL,D,31,1,3,4,-2,16,22,0,0,0,0,0,14,24
Kyle Turris,EDM,C,23,1,3,4,-5,4,21,0,0,0,0,0,13,6
Keith Yandle,PHI,D,67,1,14,15,-39,10,96,0,1,9,0,0,25,35
Blake Comeau,DAL,LW,6,1,0,1,-1,4,2,0,0,0,0,0,13,3
Nate Thompson,PHI,C,21,1,1,2,-7,29,9,0,0,0,0,0,33,8
Jack Johnson,COL,D,65,1,7,8,8,40,48,0,0,0,0,1,79,63
Duncan Keith,EDM,D,52,1,18,19,6,20,70,1,0,2,0,0,22,84
Robert Bortuzzo,STL,D,61,1,4,5,-3,36,40,0,0,0,0,0,115,80
Tyler Myers,VAN,D,70,1,14,15,11,54,109,0,0,1,0,0,127,135
Jay Beagle,ARI,C,27,1,0,1,-11,27,16,0,0,0,0,0,41,15
Jordie Benn,MIN,D,29,1,3,4,-4,8,25,0,0,0,0,0,35,31
Ryan Ellis,PHI,D,4,1,4,5,2,0,6,0,0,2,0,0,1,6
Erik Cernak,TB,D,42,1,7,8,3,37,75,0,0,0,0,0,124,52
Travis Dermott,VAN,D,49,1,4,5,2,14,39,1,0,0,0,0,49,33
Nicholas Merkley,NYR,C,9,1,2,3,-2,0,7,0,0,1,0,0,9,2
Thomas Novak,NSH,C,27,1,6,7,-4,2,25,0,1,3,0,0,4,6
Lukas Vejdemo,MON,C,6,1,0,1,-3,0,10,0,0,0,0,0,7,4
Will Borgen,SEA,D,23,1,3,4,0,21,31,0,0,0,0,0,66,20
Jonas Siegenthaler,NJ,D,68,1,13,14,-5,42,89,0,0,0,0,1,96,104
Christian Wolanin,LA,D,9,1,1,2,-1,2,5,0,0,0,0,0,5,13
John Marino,PIT,D,70,1,23,24,-2,21,77,0,0,2,0,2,65,70
Mark Friedman,PIT,D,23,1,4,5,0,17,22,1,0,0,0,0,23,20
Marcus Pettersson,PIT,D,62,1,14,15,5,32,59,0,0,0,0,0,111,63
Hayden Hodgson,PHI,C,5,1,1,2,-1,11,10,0,0,0,0,0,11,2
Noel Acciari,FLA,C,14,1,4,5,2,4,19,1,0,0,0,0,35,8
Andrej Sustr,ANH,D,27,1,1,2,-4,12,20,0,0,0,0,0,14,25
Buddy Robinson,ANH,RW,30,1,5,6,2,19,36,0,0,0,0,0,52,10
Jaycob Megna,SJ,D,31,1,2,3,-1,12,28,0,0,0,0,0,49,65
Kyle Burroughs,VAN,D,36,1,4,5,-5,33,33,0,0,0,0,0,97,47
Tucker Poolman,VAN,D,40,1,2,3,2,12,47,0,0,0,0,0,33,73
Jonny Brodzinski,NYR,RW,18,1,1,2,1,8,26,0,0,0,0,0,8,5
Trevor van Riemsdyk,WAS,D,59,1,13,14,-1,33,60,0,0,0,0,1,23,108
Ross Johnston,NYI,LW,21,1,5,6,2,23,5,0,0,0,0,0,54,9
Joel Hanley,DAL,D,35,1,3,4,-6,4,12,0,0,0,0,0,46,31
Robert Hagg,FLA,D,55,1,8,9,-6,29,52,0,0,0,0,0,117,94
Kasper Bjorkqvist,PIT,RW,6,1,0,1,-1,2,8,0,0,0,0,0,9,2
Kale Clague,MON,D,34,1,6,7,-10,16,25,0,0,3,0,0,10,21
Josh Mahura,ANH,D,31,1,3,4,-10,10,23,0,0,0,0,0,49,41
Garrett Pilon,WAS,C,2,1,0,1,1,0,1,0,0,0,0,0,2,0
Radim Simek,SJ,D,34,1,1,2,-12,8,24,0,0,0,0,0,90,38
Riley Stillman,CHI,D,43,1,10,11,-3,29,35,1,0,0,0,0,101,50
Beck Malenstyn,WAS,C,12,1,0,1,2,9,10,0,0,0,0,0,34,7
Axel Jonsson-Fjallby,WAS,LW,21,1,2,3,2,2,26,0,0,0,0,0,15,8
Ethan Prow,BUF,D,4,1,0,1,-1,0,2,0,0,0,0,0,2,3
Troy Stecher,LA,D,24,1,1,2,-4,11,39,0,0,0,0,0,30,29
Philippe Myers,NSH,D,27,1,3,4,5,12,28,0,0,0,0,0,50,17
Michal Kempny,WAS,D,15,1,1,2,-3,16,10,0,0,0,0,0,22,19
Matt Roy,LA,D,58,1,16,17,17,22,140,0,0,2,0,2,104,87
Dante Fabbro,NSH,D,53,1,17,18,16,22,69,0,0,0,0,0,48,76
Logan Stanley,WPG,D,54,1,12,13,3,42,79,1,0,0,0,1,121,90
Riley Tufte,DAL,LW,10,1,0,1,0,4,5,0,0,0,0,0,9,4
Andrew Peeke,CLS,D,70,1,13,14,-15,52,57,0,0,0,0,0,160,144
Tyler Benson,EDM,LW,29,1,1,2,-5,18,18,0,0,0,0,0,45,3
Trey Fix-Wolansky,CLS,RW,6,1,1,2,-1,0,5,0,0,0,0,0,7,4
Riley Damiani,DAL,C,7,1,1,2,0,2,10,0,0,0,0,0,4,0
John Leonard,SJ,C,13,1,1,2,-5,0,25,0,0,1,0,0,13,7
Gabriel Fortier,TB,LW,10,1,0,1,-2,4,14,0,0,0,0,0,24,5
Benoit-Olivier Groulx,ANH,C,18,1,2,3,0,2,17,0,0,0,0,0,19,6
Nils Lundkvist,NYR,D,25,1,3,4,4,0,32,0,1,1,0,0,15,15
Kiefer Sherwood,COL,LW,11,1,1,2,3,0,9,1,0,0,0,0,12,4
Ryan Merkley,SJ,D,28,1,4,5,-4,8,26,0,0,2,0,0,11,14
Kole Lind,SEA,RW,13,1,4,5,0,8,14,0,0,0,0,0,11,3
Isaac Ratcliffe,PHI,LW,10,1,3,4,-1,10,14,0,0,2,0,0,16,8
Gustav Lindstrom,DET,D,51,1,11,12,-11,20,37,0,0,0,0,0,41,62
Cal Foote,TB,D,46,1,7,8,1,19,39,0,0,0,0,0,73,51
Sebastian Aho,NYI,D,29,1,9,10,-8,8,32,0,0,2,0,0,23,38
Marian Studenic,DAL,RW,24,1,1,2,-6,2,29,0,0,0,0,0,17,14
Jacob Bryson,BUF,D,61,1,8,9,-8,10,37,0,1,6,0,0,48,65
Jake Leschyshyn,VGK,C,34,1,4,5,-1,6,28,0,0,0,0,0,32,23
Robin Salo,NYI,D,18,1,3,4,-4,4,22,0,0,1,0,0,5,19
Jonah Gadjovich,SJ,LW,40,1,2,3,-9,69,32,0,0,0,0,0,96,12
Matt Kiersted,FLA,D,8,1,1,2,-3,0,7,0,0,0,0,0,6,16
Jake Neighbours,STL,LW,9,1,1,2,-2,2,8,1,0,0,0,0,10,1
Jack Quinn,BUF,C,2,1,1,2,0,0,6,0,1,0,0,0,0,1
Jack Ahcan,BOS,D,5,1,0,1,-2,0,4,0,1,0,0,0,6,3
Hendrix Lapierre,WAS,C,6,1,0,1,2,2,7,0,0,0,0,0,1,2
Jackson Cates,PHI,C,11,1,0,1,-2,0,8,0,0,0,0,0,4,3
Marc McLaughlin,BOS,C,1,1,0,1,1,0,3,0,0,0,0,0,1,0
Jordan Spence,LA,D,14,1,4,5,-1,2,22,1,0,2,0,0,24,16
Vladislav Kolyachonok,ARI,D,24,1,2,3,2,6,17,0,0,0,0,0,33,25
Nick Robertson,TOR,LW,9,1,0,1,-4,2,12,0,0,0,0,0,9,1
Matias Maccelli,ARI,LW,17,1,4,5,-4,4,14,0,0,0,0,0,7,6
Joel Kiviranta,DAL,RW,49,1,5,6,-7,10,49,0,0,0,0,0,85,20
Reese Johnson,CHI,RW,25,1,4,5,-8,14,16,0,0,0,0,0,96,10
Taro Hirose,DET,LW,10,1,3,4,-4,4,5,0,1,1,0,0,5,2
Kristian Reichel,WPG,C,13,1,1,2,-2,7,18,0,0,0,0,0,14,10
Rafael Harvey-Pinard,MON,LW,3,1,0,1,-2,0,4,0,0,0,0,0,9,3
Simon Benoit,ANH,D,46,1,3,4,-7,22,33,0,0,0,0,0,146,34
Jake Christiansen,CLS,D,5,1,0,1,2,0,2,0,0,0,0,0,8,4
Brayden Pachal,VGK,D,2,0,0,0,-2,0,1,0,0,0,0,0,2,1
Kristians Rubins,TOR,D,3,0,0,0,-2,4,5,0,0,0,0,0,12,2
Pavel Dorofeyev,VGK,LW,2,0,0,0,-1,2,1,0,0,0,0,0,0,1
Grant Hutton,NYI,D,10,0,0,0,1,2,16,0,0,0,0,0,9,9
Victor Soderstrom,ARI,D,13,0,0,0,-6,4,10,0,0,0,0,0,9,17
Alex Turcotte,LA,C,8,0,0,0,0,2,13,0,0,0,0,0,8,2
Philip Broberg,EDM,D,22,0,2,2,-9,8,27,0,0,0,0,0,9,10
Thomas Harley,DAL,D,26,0,2,2,-6,4,27,0,0,0,0,0,28,23
Lassi Thomson,OTT,D,16,0,5,5,-8,2,18,0,0,1,0,0,23,9
Ville Heinola,WPG,D,12,0,5,5,-2,10,25,0,0,0,0,0,9,7
Tobias Bjornfot,LA,D,67,0,8,8,-9,6,51,0,0,0,0,0,59,57
Nolan Foote,NJ,LW,2,0,0,0,0,0,1,0,0,0,0,0,1,0
Brayden Tracey,ANH,LW,1,0,0,0,-1,0,1,0,0,0,0,0,0,0
Shane Pinto,OTT,C,5,0,1,1,0,2,5,0,0,1,0,0,0,1
Nick Abruzzese,TOR,C,2,0,0,0,0,0,2,0,0,0,0,0,2,1
Santeri Hatakka,SJ,D,8,0,2,2,-3,2,2,0,0,0,0,0,4,5
Valtteri Puustinen,PIT,RW,1,0,1,1,2,0,1,0,0,0,0,0,1,0
Ben McCartney,ARI,LW,2,0,0,0,0,4,2,0,0,0,0,0,7,0
Tyce Thompson,NJ,C,2,0,0,0,0,0,3,0,0,0,0,0,2,0
Mattias Norlinder,MON,D,6,0,1,1,2,2,2,0,0,0,0,0,4,3
Zac Jones,NYR,D,11,0,2,2,-5,0,7,0,0,0,0,0,4,12
Ronnie Attard,PHI,D,2,0,0,0,-4,0,1,0,0,0,0,0,4,2
Adam Beckman,MIN,LW,3,0,1,1,-1,2,4,0,0,0,0,0,1,1
Cole Schwindt,FLA,RW,1,0,0,0,-2,0,0,0,0,0,0,0,5,0
Kaedan Korczak,VGK,D,1,0,0,0,1,0,0,0,0,0,0,0,0,1
Alex Vlasic,CHI,D,3,0,0,0,-1,0,0,0,0,0,0,0,2,4
Artemi Kniazev,SJ,D,1,0,0,0,-2,0,2,0,0,0,0,0,1,0
Samuel Fagemo,LA,LW,4,0,0,0,-2,0,5,0,0,0,0,0,2,3
Zack Hayes,VGK,D,3,0,0,0,-2,0,1,0,0,0,0,0,12,1
Jon Lizotte,MIN,D,1,0,0,0,0,2,1,0,0,0,0,0,3,4
Alexander Holtz,NJ,RW,7,0,2,2,-3,2,11,0,0,1,0,0,4,2
Brandon Biro,BUF,LW,1,0,0,0,0,0,0,0,0,0,0,0,1,0
Cole Smith,NSH,LW,8,0,0,0,-3,0,3,0,0,0,0,0,21,1
Bryce Kindopp,ANH,RW,1,0,0,0,0,0,2,0,0,0,0,0,0,0
Adam Raska,SJ,LW,5,0,0,0,1,7,2,0,0,0,0,0,15,0
John-Jason Peterka,BUF,RW,2,0,0,0,0,0,3,0,0,0,0,0,1,2
Lukas Reichel,CHI,RW,5,0,0,0,-1,0,8,0,0,0,0,0,0,1
Jesper Froden,BOS,RW,5,0,0,0,2,2,6,0,0,0,0,0,6,5
Jeff Malott,WPG,C,1,0,0,0,0,2,0,0,0,0,0,0,3,0
William Eklund,SJ,LW,9,0,4,4,-3,2,8,0,0,3,0,0,4,4
Justin Barron,MON,D,6,0,1,1,-2,0,8,0,0,0,0,0,5,5
Linus Sandin,PHI,RW,1,0,0,0,0,0,1,0,0,0,0,0,0,2
Marco Rossi,MIN,C,2,0,0,0,-1,4,5,0,0,0,0,0,1,1
Jacob Perreault,ANH,RW,1,0,0,0,-1,0,0,0,0,0,0,0,0,1
Isaak Phillips,CHI,D,4,0,0,0,-1,4,4,0,0,0,0,0,3,1
Mike Hardman,CHI,RW,21,0,2,2,-6,11,12,0,0,0,0,0,60,12
Alex Steeves,TOR,LW,3,0,1,1,-1,0,2,0,0,0,0,0,1,1
Walker Duehr,CGY,RW,1,0,0,0,0,0,0,0,0,0,0,0,0,0
Ian Mitchell,CHI,D,8,0,1,1,-3,0,2,0,0,1,0,0,2,9
Jack Studnicka,BOS,C,13,0,3,3,-1,4,16,0,0,0,0,0,16,2
Fabian Zetterlund,NJ,LW,3,0,0,0,1,0,3,0,0,0,0,0,5,1
Johnny Kovacevic,WPG,D,4,0,0,0,1,2,7,0,0,0,0,0,0,3
Dmitri Samorukov,EDM,D,1,0,0,0,-2,0,0,0,0,0,0,0,0,0
Cale Fleury,SEA,D,2,0,0,0,-1,0,2,0,0,0,0,0,3,5
Jack Rathbone,VAN,D,9,0,0,0,-5,2,10,0,0,0,0,0,5,8
Mason Shaw,MIN,C,3,0,0,0,-2,5,7,0,0,0,0,0,6,1
Jakub Galvas,CHI,D,6,0,0,0,0,0,8,0,0,0,0,0,2,9
Morgan Barron,WPG,LW,15,0,1,1,-1,4,11,0,0,0,0,0,31,3
Carson Meyer,CLS,RW,1,0,0,0,-1,2,0,0,0,0,0,0,2,0
Alex Chmelevski,SJ,C,6,0,3,3,1,2,8,0,0,0,0,0,8,2
Ben Jones,VGK,C,2,0,0,0,0,2,1,0,0,0,0,0,4,1
Wyatt Kalynuk,CHI,D,5,0,0,0,-3,2,1,0,0,0,0,0,9,0
Noah Cates,PHI,LW,3,0,0,0,-1,0,5,0,0,0,0,0,4,0
Daniil Miromanov,VGK,D,11,0,1,1,0,2,15,0,0,0,0,0,5,6
Erik Brannstrom,OTT,D,39,0,8,8,-18,24,66,0,0,5,0,0,33,37
Juuso Valimaki,CGY,D,8,0,2,2,1,10,11,0,0,0,0,0,7,9
Urho Vaakanainen,ANH,D,19,0,5,5,0,4,20,0,0,0,0,0,15,15
Cody Glass,NSH,C,4,0,0,0,0,0,5,0,0,0,0,0,2,3
Lias Andersson,LA,LW,19,0,1,1,-6,12,24,0,0,1,0,0,23,2
Dylan Samberg,WPG,D,6,0,2,2,-1,2,8,0,0,0,0,0,7,9
Aleksi Heponiemi,FLA,LW,4,0,0,0,-4,0,5,0,0,0,0,0,0,1
Jaret Anderson-Dolan,LA,C,7,0,0,0,-3,4,5,0,0,0,0,0,12,3
Conor Timmins,ARI,D,6,0,0,0,-6,0,5,0,0,0,0,0,7,9
Pierre-Olivier Joseph,PIT,D,4,0,0,0,-2,2,7,0,0,0,0,0,6,4
Liam Foudy,CLS,C,1,0,0,0,-1,0,1,0,0,0,0,0,1,0
Ty Dellandrea,DAL,C,1,0,0,0,-1,0,1,0,0,0,0,0,3,0
Martin Kaut,COL,RW,6,0,0,0,2,0,1,0,0,0,0,0,6,3
Jordan Gross,COL,D,1,0,0,0,0,4,0,0,0,0,0,0,1,0
Juuso Riikola,PIT,D,5,0,1,1,2,2,7,0,0,0,0,0,13,2
Sheldon Rempal,VAN,LW,1,0,0,0,-1,0,2,0,0,0,0,0,0,0
Grigori Denisenko,FLA,LW,1,0,0,0,0,2,3,0,0,0,0,0,1,2
Jayden Halbgewachs,SJ,C,3,0,1,1,1,4,7,0,0,0,0,0,3,0
Sean Walker,LA,D,6,0,2,2,-1,4,18,0,0,1,0,0,9,9
Sheldon Dries,VAN,C,2,0,0,0,0,0,1,0,0,0,0,0,1,1
Mark Kastelic,OTT,C,9,0,1,1,-2,2,1,0,0,0,0,0,34,6
Alex True,SEA,LW,8,0,0,0,-2,2,6,0,0,0,0,0,22,2
Austin Strand,LA,D,8,0,2,2,-1,0,9,0,0,0,0,0,7,5
Jacob Bernard-Docker,OTT,D,8,0,1,1,1,4,6,0,0,0,0,0,4,3
Nicolas Beaudin,CHI,D,2,0,0,0,-1,0,1,0,0,0,0,0,0,1
Alexander Alexeyev,WAS,D,1,0,0,0,0,2,0,0,0,0,0,0,1,0
Mattias Samuelsson,BUF,D,31,0,7,7,-3,12,30,0,0,0,0,0,67,49
Kevin Bahl,NJ,D,6,0,0,0,-4,4,5,0,0,0,0,0,8,4
Scott Perunovich,STL,D,19,0,6,6,2,8,14,0,0,3,0,0,5,12
David Gustafsson,WPG,C,2,0,0,0,0,0,0,0,0,0,0,0,0,0
Cameron Hillis,MON,C,1,0,0,0,0,0,2,0,0,0,0,0,0,0
Alec Regula,CHI,D,6,0,0,0,1,2,2,0,0,0,0,0,9,5
Jordan Harris,MON,D,1,0,0,0,1,2,1,0,0,0,0,0,1,3
Sampo Ranta,COL,LW,10,0,0,0,-4,2,9,0,0,0,0,0,9,6
Joey Keane,CAR,D,1,0,0,0,0,2,1,0,0,0,0,0,1,0
Josiah Slavin,CHI,LW,15,0,1,1,0,4,13,0,0,0,0,0,12,4
Declan Chisholm,WPG,D,2,0,0,0,1,0,4,0,0,0,0,0,1,1
Egor Zamula,PHI,D,1,0,0,0,0,0,0,0,0,0,0,0,0,3
Egor Sokolov,OTT,LW,8,0,0,0,-6,4,8,0,0,0,0,0,13,4
Libor Hajek,NYR,D,16,0,1,1,-7,8,12,0,0,0,0,0,7,24
Lucas Johansen,WAS,D,1,0,1,1,1,0,0,0,0,0,0,0,0,0
Max Jones,ANH,LW,2,0,0,0,-1,15,2,0,0,0,0,0,2,0
Dennis Cholowski,SEA,D,7,0,1,1,-4,2,3,0,0,0,0,0,3,9
Olli Juolevi,DET,D,15,0,0,0,-1,4,15,0,0,0,0,0,13,7
Sami Niku,MON,D,13,0,6,6,3,2,14,0,0,1,0,0,6,17
Dakota Mermis,MIN,D,2,0,0,0,2,0,1,0,0,0,0,0,3,1
Kole Sherwood,NSH,C,1,0,0,0,0,0,2,0,0,0,0,0,3,0
Markus Nutivaara,FLA,D,1,0,1,1,0,0,0,0,0,0,0,0,1,0
Lane Pederson,SJ,C,28,0,2,2,-15,10,23,0,0,0,0,0,53,10
Jalen Chatfield,CAR,D,16,0,3,3,1,8,25,0,0,0,0,0,32,10
Andrew Poturalski,CAR,C,2,0,2,2,-1,0,4,0,0,2,0,0,0,1
Ilya Lyubushkin,TOR,D,65,0,10,10,-2,38,44,0,0,0,0,1,153,78
Kirill Semyonov,FA,C,3,0,0,0,-2,0,1,0,0,0,0,0,4,0
Dan Renouf,DET,D,4,0,0,0,-2,7,3,0,0,0,0,0,4,2
Kyle Criscuolo,DET,C,3,0,1,1,0,0,2,0,0,0,0,0,2,1
Anthony Greco,NYR,C,1,0,0,0,0,0,5,0,0,0,0,0,1,1
Rhett Gardner,DAL,C,4,0,0,0,-1,0,0,0,0,0,0,0,5,1
Chase Priskie,FLA,D,4,0,0,0,2,2,4,0,0,0,0,0,3,3
Jeremy Davies,NSH,D,5,0,1,1,-5,2,4,0,0,0,0,0,1,0
Mathieu Olivier,NSH,RW,8,0,1,1,-2,12,3,0,0,0,0,0,17,4
Calle Rosen,STL,D,11,0,3,3,-1,4,7,0,0,0,0,0,4,10
C.J. Smith,CAR,LW,1,0,0,0,-1,0,0,0,0,0,0,0,1,0
Mike Vecchione,WAS,C,1,0,0,0,-1,0,3,0,0,0,0,0,0,0
Gavin Bayreuther,CLS,D,39,0,8,8,0,22,43,0,0,0,0,0,46,40
Jacob Moverare,LA,D,14,0,1,1,2,2,14,0,0,0,0,0,13,14
Otto Koivula,NYI,C,5,0,1,1,0,0,4,0,0,0,0,0,4,3
Max Lajoie,CAR,D,5,0,0,0,2,0,6,0,0,0,0,0,3,5
Tim Gettinger,NYR,LW,8,0,0,0,0,0,3,0,0,0,0,0,15,5
Casey Fitzgerald,BUF,D,26,0,4,4,-15,34,31,0,0,0,0,0,61,27
Connor Bunnaman,FLA,C,15,0,0,0,-7,4,10,0,0,0,0,0,17,2
Victor Mete,OTT,D,34,0,7,7,-18,4,22,0,0,1,0,0,12,37
Mikhail Maltsev,COL,C,18,0,0,0,-5,2,23,0,0,0,0,0,31,2
Wade Allison,PHI,RW,1,0,0,0,-1,0,2,0,0,0,0,0,1,0
Markus Niemelainen,EDM,D,20,0,1,1,-5,4,12,0,0,0,0,0,82,19
William Lockwood,VAN,RW,4,0,0,0,-1,0,5,0,0,0,0,0,14,1
Cam Dineen,ARI,D,24,0,7,7,-6,2,38,0,0,0,0,0,15,30
Joey Anderson,TOR,RW,4,0,0,0,-1,0,8,0,0,0,0,0,2,0
Sean Day,TB,D,2,0,0,0,-2,0,2,0,0,0,0,0,4,2
Nicolas Petan,VAN,C,10,0,1,1,0,2,8,0,0,0,0,0,4,2
Dillon Heatherington,OTT,D,9,0,0,0,-1,7,4,0,0,0,0,0,18,2
Carl Dahlstrom,TOR,D,2,0,1,1,2,2,3,0,0,0,0,0,1,2
Justin Bailey,VAN,RW,14,0,0,0,-5,6,16,0,0,0,0,0,12,6
Madison Bowey,VAN,D,2,0,0,0,-3,0,0,0,0,0,0,0,4,2
Kurtis Gabriel,CHI,RW,2,0,0,0,0,0,0,0,0,0,0,0,7,0
Frederik Gauthier,NJ,C,8,0,0,0,-1,0,4,0,0,0,0,0,16,3
Remi Elie,TB,LW,1,0,0,0,-2,0,2,0,0,0,0,0,3,0
Tyler Lewington,BOS,D,2,0,0,0,-1,7,2,0,0,0,0,0,1,2
Josh Brown,BOS,D,48,0,6,6,-7,37,43,0,0,0,0,0,109,59
Hudson Fasching,ARI,RW,11,0,0,0,-3,0,3,0,0,0,0,0,16,6
Ben Harpur,NSH,D,19,0,1,1,-10,27,13,0,0,0,0,0,36,21
Mason Geertsen,NJ,D,24,0,0,0,-6,77,10,0,0,0,0,0,56,7
Miles Wood,NJ,LW,2,0,0,0,-1,4,2,0,0,0,0,0,3,1
Jayson Megna,COL,LW,20,0,3,3,-2,4,19,0,0,0,0,0,27,9
Riley Barber,DET,RW,2,0,0,0,1,0,2,0,0,0,0,0,1,1
Danny DeKeyser,DET,D,46,0,7,7,-10,14,52,0,0,0,0,0,32,86
Seth Griffith,EDM,RW,1,0,0,0,1,0,0,0,0,0,0,0,1,0
Danny O'Regan,ANH,C,5,0,1,1,-1,0,2,0,0,0,0,0,3,4
Matt Benning,NSH,D,56,0,11,11,-17,35,55,0,0,0,0,0,73,58
Petteri Lindbohm,FLA,D,5,0,0,0,-1,5,1,0,0,0,0,0,16,5
Paul LaDue,NYI,D,1,0,0,0,-2,0,1,0,0,0,0,0,2,1
Scott Sabourin,OTT,RW,4,0,0,0,-1,7,3,0,0,0,0,0,9,1
Alex Belzile,MON,LW,11,0,0,0,0,4,13,0,0,0,0,0,17,5
Luke Witkowski,STL,D,1,0,0,0,0,0,0,0,0,0,0,0,1,0
Cedric Paquette,MON,C,24,0,2,2,-6,25,16,0,0,0,0,0,58,14
Gemel Smith,TB,C,3,0,1,1,-2,5,1,0,0,0,0,0,0,1
Mackenzie MacEachern,STL,LW,12,0,2,2,-1,4,11,0,0,0,0,0,16,1
Stefan Matteau,COL,RW,1,0,0,0,0,0,0,0,0,0,0,0,0,0
Jacob MacDonald,COL,D,7,0,0,0,-2,2,11,0,0,0,0,0,8,3
Vladimir Tkachev,LA,LW,4,0,2,2,-2,2,1,0,0,2,0,0,1,0
Tanner Kero,DAL,LW,23,0,3,3,-5,0,14,0,0,0,0,0,12,9
Darren Raddysh,TB,D,4,0,0,0,1,0,2,0,0,0,0,0,4,6
C.J. Suess,WPG,LW,3,0,0,0,0,2,0,0,0,0,0,0,2,5
Clark Bishop,OTT,C,9,0,1,1,-3,6,8,0,0,0,0,0,12,3
Sammy Blais,NYR,LW,14,0,4,4,3,17,17,0,0,0,0,0,37,8
Dylan Sikura,COL,LW,5,0,1,1,0,0,3,0,0,0,0,0,0,3
Brandon Baddock,MIN,LW,1,0,0,0,0,0,0,0,0,0,0,0,6,0
Anthony Angello,PIT,C,2,0,0,0,0,0,2,0,0,0,0,0,5,0
Ryan MacInnis,BUF,C,1,0,0,0,0,0,2,0,0,0,0,0,0,0
William Lagesson,MON,D,31,0,4,4,1,13,32,0,0,0,0,0,40,18
Chase De Leo,NJ,C,2,0,0,0,-1,0,2,0,0,0,0,0,5,0
Austin Poganski,WPG,RW,16,0,0,0,-3,7,9,0,0,0,0,0,23,5
Michael Dal Colle,NYI,LW,1,0,0,0,1,0,2,0,0,0,0,0,0,0
Brett Seney,TOR,LW,2,0,0,0,0,0,1,0,0,0,0,0,3,2
Cooper Marody,EDM,C,1,0,1,1,0,0,1,0,0,0,0,0,0,0
Christian Jaros,FA,D,11,0,0,0,-4,2,9,0,0,0,0,0,21,10
Chase Pearson,DET,LW,1,0,0,0,1,0,1,0,0,0,0,0,3,0
Colton White,NJ,D,25,0,4,4,1,8,18,0,0,0,0,0,17,12
Glenn Gawdin,CGY,C,2,0,0,0,0,2,3,0,0,0,0,0,1,1
Kevin Stenlund,CLS,C,3,0,0,0,0,2,3,0,0,0,0,0,2,2
Brendan Guhle,ANH,D,6,0,0,0,0,0,6,0,0,0,0,0,11,4
Guillaume Brisebois,VAN,D,1,0,0,0,-1,0,0,0,0,0,0,0,0,1
Blake Speers,ARI,RW,2,0,0,0,-3,2,1,0,0,0,0,0,3,2
Mitchell Stephens,DET,C,16,0,4,4,-5,4,13,0,0,0,0,0,9,8
Noah Juulsen,VAN,D,8,0,2,2,-4,0,6,0,0,0,0,0,20,11
Jacob Larsson,ANH,D,6,0,1,1,-3,2,5,0,0,0,0,0,1,5
A.J. Greer,NJ,LW,5,0,0,0,-1,0,3,0,0,0,0,0,11,1
Jakub Zboril,BOS,D,10,0,3,3,1,4,13,0,0,0,0,0,24,10
Michael Stone,CGY,D,6,0,2,2,3,2,13,0,0,0,0,0,17,10
Alec Martinez,VGK,D,15,0,4,4,5,4,15,0,0,0,0,0,14,45
Kyle Clifford,TOR,LW,18,0,3,3,-3,14,16,0,0,0,0,0,34,5
Richard Panik,NYI,RW,4,0,1,1,-2,0,4,0,0,1,0,0,9,2
Zac Dalpe,FLA,C,1,0,0,0,-1,0,0,0,0,0,0,0,2,1
John Moore,ANH,D,7,0,1,1,2,4,7,0,0,0,0,1,9,11
Matt Irwin,WAS,D,15,0,2,2,-1,4,25,0,0,0,0,0,33,21
Kevin Connauton,PHI,D,32,0,2,2,0,4,24,0,0,0,0,0,57,28
Andrew Agozzino,OTT,LW,1,0,0,0,0,0,1,0,0,0,0,0,4,0
Alex Biega,NSH,D,2,0,0,0,-2,0,2,0,0,0,0,0,5,1
Zdeno Chara,NYI,D,59,0,10,10,9,77,67,0,0,0,0,0,108,73
Kris Russell,EDM,D,24,0,5,5,8,4,25,0,0,0,0,0,20,55
Thomas Hickey,NYI,D,2,0,0,0,-3,0,0,0,0,0,0,0,2,3
Riley Nash,TB,C,49,0,4,4,-5,10,36,0,0,0,0,0,46,17
Matthew Peca,STL,C,5,0,1,1,-1,0,3,0,0,0,0,0,3,1
Matt Tennyson,NSH,D,8,0,3,3,0,4,5,0,0,0,0,0,12,4
Leo Komarov,FA,LW,1,0,0,0,0,2,0,0,0,0,0,0,3,0
Ryan Murray,COL,D,37,0,4,4,-3,2,26,0,0,0,0,1,32,41
Derrick Pouliot,SEA,D,7,0,2,2,4,2,5,0,0,0,0,0,8,11
Slater Koekkoek,EDM,D,19,0,4,4,2,16,11,0,0,0,0,0,21,18
Scott Harrington,CLS,D,7,0,1,1,-4,6,5,0,0,0,0,0,8,9
Rocco Grimaldi,NSH,C,7,0,0,0,0,2,8,0,0,0,0,0,5,0
Dmitrij Jaskin,ARI,RW,12,0,1,1,-6,4,23,0,0,0,0,0,47,9
Kyle Rau,MIN,C,5,0,0,0,-3,0,3,0,0,0,0,0,6,0
Steven Fogarty,BOS,C,2,0,0,0,-2,2,2,0,0,0,0,0,0,0
T.J. Tynan,LA,C,2,0,0,0,0,0,3,0,0,0,0,0,1,2
Fredrik Claesson,TB,D,9,0,0,0,-3,0,4,0,0,0,0,0,12,6
Max McCormick,SEA,LW,10,0,0,0,1,10,8,0,0,0,0,0,11,3
Josh Archibald,EDM,RW,7,0,1,1,-3,7,3,0,0,0,0,0,23,2
Mark Borowiecki,NSH,D,44,0,2,2,1,114,28,0,0,0,0,0,146,59
Stefan Noesen,CAR,C,2,0,0,0,1,0,4,0,0,0,0,0,5,0
Nathan Beaulieu,PIT,D,24,0,4,4,-7,25,24,0,0,0,0,1,19,19
Sven Baertschi,VGK,LW,1,0,0,0,-1,0,1,0,0,0,0,0,0,0
Tyler Pitlick,MON,C,29,0,3,3,-4,2,22,0,0,0,0,0,60,16
Brett Connolly,CHI,RW,9,0,1,1,-3,15,6,0,0,0,0,0,7,3